station,year,month,day,daily_rainfall_total_mm,highest_30_min_rainfall_mm,highest_60_min_rainfall_mm,highest_120_min_rainfall_mm,mean_temperature_c,maximum_temperature_c,minimum_temperature_c,mean_wind_speed_kmh,max_wind_speed_kmh
Pasir Panjang,2017,1,1,34.0,10.8,20.8,30.6,27.2,31.2,25.2,9.0,31.7
Pasir Panjang,2017,1,2,0.8,0.6,0.6,0.8,26.7,28.6,25.7,7.6,28.8
Pasir Panjang,2017,1,3,0.4,0.4,0.4,0.4,27.3,31.1,25.7,8.6,24.5
Pasir Panjang,2017,1,4,1.8,1.4,1.6,1.6,27.5,30.5,24.5,12.2,41.4
Pasir Panjang,2017,1,5,3.2,2.6,3.2,3.2,28.2,31.4,25.0,10.8,40.3
Pasir Panjang,2017,1,6,0.0,0.0,0.0,0.0,29.0,31.9,26.7,6.8,21.2
Pasir Panjang,2017,1,7,0.0,0.0,0.0,0.0,30.0,32.7,27.5,6.8,21.6
Pasir Panjang,2017,1,8,0.0,0.0,0.0,0.0,29.9,33.0,28.1,9.0,29.9
Pasir Panjang,2017,1,9,0.0,0.0,0.0,0.0,29.3,32.5,27.7,10.1,30.6
Pasir Panjang,2017,1,10,0.0,0.0,0.0,0.0,28.9,32.9,27.0,10.4,28.4
Pasir Panjang,2017,1,11,0.0,0.0,0.0,0.0,28.2,31.4,26.7,11.2,32.0
Pasir Panjang,2017,1,12,0.0,0.0,0.0,0.0,28.6,31.2,26.3,9.4,37.8
Pasir Panjang,2017,1,13,0.0,0.0,0.0,0.0,28.7,32.2,26.9,9.7,31.3
Pasir Panjang,2017,1,14,0.0,0.0,0.0,0.0,28.3,30.2,26.7,9.7,32.0
Pasir Panjang,2017,1,15,0.0,0.0,0.0,0.0,28.8,31.5,27.0,12.6,50.4
Pasir Panjang,2017,1,16,0.0,0.0,0.0,0.0,28.5,30.6,26.4,14.8,39.6
Pasir Panjang,2017,1,17,0.0,0.0,0.0,0.0,28.5,31.1,26.9,7.9,23.8
Pasir Panjang,2017,1,18,1.6,0.8,1.6,1.6,27.5,31.8,26.1,9.4,30.6
Pasir Panjang,2017,1,19,2.4,2.2,2.4,2.4,27.4,31.8,25.3,8.3,34.9
Pasir Panjang,2017,1,20,1.2,1.2,1.2,1.2,26.8,28.9,24.4,11.5,50.4
Pasir Panjang,2017,1,21,7.8,2.6,4.0,4.6,27.1,30.8,24.6,9.4,31.3
Pasir Panjang,2017,1,22,4.8,2.8,3.4,3.4,27.1,30.3,25.0,13.0,45.0
Pasir Panjang,2017,1,23,85.8,22.8,29.6,49.2,25.3,27.5,23.3,9.0,54.4
Pasir Panjang,2017,1,24,9.2,2.0,2.6,3.4,24.6,25.2,24.1,15.1,41.4
Pasir Panjang,2017,1,25,2.2,1.6,2.0,2.2,26.2,29.7,23.7,11.5,41.8
Pasir Panjang,2017,1,26,0.6,0.4,0.4,0.4,27.6,31.5,25.1,10.4,36.0
Pasir Panjang,2017,1,27,0.0,0.0,0.0,0.0,27.9,31.0,25.9,14.8,43.6
Pasir Panjang,2017,1,28,0.4,0.4,0.4,0.4,26.9,29.8,25.2,13.7,40.3
Pasir Panjang,2017,1,29,0.0,0.0,0.0,0.0,26.9,29.0,25.1,11.9,32.8
Pasir Panjang,2017,1,30,2.6,2.6,2.6,2.6,26.6,29.1,24.9,11.2,46.1
Pasir Panjang,2017,1,31,0.0,0.0,0.0,0.0,27.5,30.4,25.7,11.9,36.0
Pasir Panjang,2017,2,1,0.0,0.0,0.0,0.0,27.7,31.1,25.8,10.1,33.5
Pasir Panjang,2017,2,2,0.2,0.2,0.2,0.2,27.7,31.0,25.9,9.7,28.4
Pasir Panjang,2017,2,3,7.8,7.6,7.8,7.8,28.0,32.9,24.8,11.5,29.9
Pasir Panjang,2017,2,4,0.8,0.6,0.8,0.8,27.5,32.3,26.0,10.1,30.6
Pasir Panjang,2017,2,5,0.0,0.0,0.0,0.0,27.9,31.4,26.0,12.2,36.7
Pasir Panjang,2017,2,6,0.0,0.0,0.0,0.0,28.5,32.3,26.4,12.2,32.4
Pasir Panjang,2017,2,7,0.2,0.2,0.2,0.2,27.3,30.4,25.4,12.6,49.3
Pasir Panjang,2017,2,8,16.8,7.8,7.8,13.2,27.0,31.0,23.9,9.4,41.4
Pasir Panjang,2017,2,9,0.2,0.2,0.2,0.2,28.2,32.6,26.0,8.6,30.6
Pasir Panjang,2017,2,10,0.0,0.0,0.0,0.0,28.3,32.3,25.8,15.5,42.8
Pasir Panjang,2017,2,11,0.0,0.0,0.0,0.0,27.7,31.2,26.1,19.4,50.8
Pasir Panjang,2017,2,12,1.2,0.6,0.6,1.0,26.7,29.7,25.5,17.3,52.2
Pasir Panjang,2017,2,13,0.8,0.6,0.6,0.6,27.0,30.1,25.0,15.5,56.5
Pasir Panjang,2017,2,14,0.0,0.0,0.0,0.0,27.0,30.1,24.8,16.9,53.3
Pasir Panjang,2017,2,15,1.6,0.6,0.8,1.2,26.1,29.3,23.6,15.1,46.4
Pasir Panjang,2017,2,16,0.0,0.0,0.0,0.0,27.2,29.8,25.3,16.2,43.9
Pasir Panjang,2017,2,17,0.0,0.0,0.0,0.0,27.7,31.5,25.3,15.1,36.0
Pasir Panjang,2017,2,18,0.0,0.0,0.0,0.0,27.4,30.4,25.6,13.7,35.3
Pasir Panjang,2017,2,19,0.0,0.0,0.0,0.0,28.0,31.5,25.9,13.3,36.4
Pasir Panjang,2017,2,20,0.0,0.0,0.0,0.0,28.0,32.2,26.0,11.9,36.4
Pasir Panjang,2017,2,21,0.0,0.0,0.0,0.0,27.6,32.0,24.9,10.1,42.1
Pasir Panjang,2017,2,22,0.0,0.0,0.0,0.0,28.3,32.9,26.0,9.4,33.1
Pasir Panjang,2017,2,23,0.0,0.0,0.0,0.0,27.5,30.7,26.0,9.0,31.0
Pasir Panjang,2017,2,24,15.2,2.6,4.4,7.6,25.5,27.3,24.3,10.4,50.8
Pasir Panjang,2017,2,25,2.8,2.4,2.8,2.8,27.1,32.4,24.8,7.2,34.6
Pasir Panjang,2017,2,26,5.4,2.8,2.8,4.8,27.7,31.6,26.2,8.6,53.3
Pasir Panjang,2017,2,27,0.0,0.0,0.0,0.0,27.9,30.8,25.8,10.8,36.7
Pasir Panjang,2017,2,28,23.6,22.2,22.6,23.0,27.0,29.6,24.5,11.5,50.0
Pasir Panjang,2017,3,1,36.6,9.4,13.8,19.8,25.3,28.4,23.5,9.0,50.0
Pasir Panjang,2017,3,2,0.2,0.2,0.2,0.2,27.3,30.7,25.2,11.2,42.5
Pasir Panjang,2017,3,3,20.0,14.6,17.6,17.6,26.2,29.0,23.3,11.5,42.1
Pasir Panjang,2017,3,4,2.8,1.6,1.6,1.6,26.1,29.0,24.7,7.2,25.2
Pasir Panjang,2017,3,5,10.4,7.2,10.4,10.4,27.1,31.6,24.6,9.0,48.2
Pasir Panjang,2017,3,6,1.0,1.0,1.0,1.0,27.2,31.4,25.3,8.6,33.8
Pasir Panjang,2017,3,7,2.0,2.0,2.0,2.0,27.3,31.0,25.5,8.6,27.7
Pasir Panjang,2017,3,8,0.2,0.2,0.2,0.2,27.7,31.4,25.5,10.8,29.5
Pasir Panjang,2017,3,9,0.0,0.0,0.0,0.0,27.8,31.9,25.1,11.5,36.0
Pasir Panjang,2017,3,10,0.0,0.0,0.0,0.0,27.9,31.8,25.6,10.8,34.9
Pasir Panjang,2017,3,11,12.4,7.0,12.4,12.4,27.7,31.8,25.1,8.3,41.4
Pasir Panjang,2017,3,12,4.8,2.4,3.8,4.8,27.1,29.7,24.8,7.9,31.3
Pasir Panjang,2017,3,13,0.0,0.0,0.0,0.0,28.3,31.2,26.2,8.3,24.1
Pasir Panjang,2017,3,14,0.0,0.0,0.0,0.0,27.3,29.8,25.0,9.0,29.2
Pasir Panjang,2017,3,15,0.0,0.0,0.0,0.0,28.9,31.9,26.8,8.3,24.5
Pasir Panjang,2017,3,16,0.0,0.0,0.0,0.0,28.9,31.8,27.2,10.4,34.6
Pasir Panjang,2017,3,17,1.8,1.8,1.8,1.8,27.9,31.3,26.1,7.9,29.2
Pasir Panjang,2017,3,18,4.4,4.0,4.2,4.4,28.2,31.6,26.1,7.2,28.8
Pasir Panjang,2017,3,19,0.0,0.0,0.0,0.0,28.4,31.2,26.4,7.2,22.3
Pasir Panjang,2017,3,20,4.0,1.6,2.8,4.0,27.4,29.6,25.3,13.7,57.6
Pasir Panjang,2017,3,21,0.0,0.0,0.0,0.0,28.8,32.7,26.2,12.2,34.2
Pasir Panjang,2017,3,22,8.0,7.6,8.0,8.0,28.1,33.0,25.2,8.6,37.1
Pasir Panjang,2017,3,23,0.0,0.0,0.0,0.0,29.2,32.2,26.6,9.0,26.3
Pasir Panjang,2017,3,24,0.0,0.0,0.0,0.0,28.5,30.7,26.2,9.7,38.5
Pasir Panjang,2017,3,25,0.4,0.4,0.4,0.4,28.3,32.8,26.1,8.6,40.0
Pasir Panjang,2017,3,26,0.0,0.0,0.0,0.0,29.3,33.9,27.0,8.6,28.4
Pasir Panjang,2017,3,27,7.4,6.4,6.4,7.4,29.1,32.3,26.7,8.3,27.4
Pasir Panjang,2017,3,28,0.6,0.4,0.4,0.4,27.7,29.5,26.8,7.6,25.6
Pasir Panjang,2017,3,29,0.0,0.0,0.0,0.0,27.8,31.6,26.5,7.2,29.9
Pasir Panjang,2017,3,30,5.4,2.0,2.8,3.4,26.5,29.6,24.9,8.3,61.6
Pasir Panjang,2017,3,31,0.0,0.0,0.0,0.0,27.9,31.0,26.0,6.8,24.8
Pasir Panjang,2017,4,1,13.0,8.0,10.8,11.2,27.5,31.5,25.4,7.2,20.9
Pasir Panjang,2017,4,2,0.2,0.2,0.2,0.2,28.0,30.1,26.1,12.2,36.0
Pasir Panjang,2017,4,3,19.4,15.2,16.4,19.2,27.9,29.2,23.3,9.4,37.8
Pasir Panjang,2017,4,4,8.2,4.0,4.8,7.2,28.7,31.6,24.7,12.2,51.8
Pasir Panjang,2017,4,5,0.0,0.0,0.0,0.0,29.1,31.2,26.7,16.2,55.1
Pasir Panjang,2017,4,6,0.0,0.0,0.0,0.0,29.6,32.4,28.1,11.9,32.8
Pasir Panjang,2017,4,7,29.6,12.2,21.4,25.8,28.4,32.2,23.9,10.4,63.0
Pasir Panjang,2017,4,8,1.6,0.6,0.8,1.2,27.7,28.8,25.4,7.9,72.4
Pasir Panjang,2017,4,9,0.0,0.0,0.0,0.0,28.7,32.3,26.3,6.8,24.8
Pasir Panjang,2017,4,10,20.8,16.4,19.2,20.0,27.8,28.8,24.5,6.8,29.2
Pasir Panjang,2017,4,11,0.0,0.0,0.0,0.0,29.3,31.5,27.8,9.0,35.3
Pasir Panjang,2017,4,12,21.8,18.0,19.6,19.8,28.6,31.1,24.8,7.2,28.8
Pasir Panjang,2017,4,13,4.8,1.8,1.8,2.8,27.6,29.3,25.0,7.9,32.4
Pasir Panjang,2017,4,14,7.4,6.8,7.0,7.2,27.7,31.1,26.1,5.8,37.8
Pasir Panjang,2017,4,15,21.4,14.0,17.4,20.4,27.6,33.0,25.6,8.6,42.8
Pasir Panjang,2017,4,16,0.0,0.0,0.0,0.0,28.6,32.0,26.1,6.5,23.4
Pasir Panjang,2017,4,17,4.0,2.8,2.8,4.0,29.0,33.3,26.3,7.2,50.0
Pasir Panjang,2017,4,18,23.4,14.0,16.8,20.6,27.3,32.3,24.5,7.9,44.3
Pasir Panjang,2017,4,19,0.0,0.0,0.0,0.0,28.3,31.1,25.3,7.9,30.6
Pasir Panjang,2017,4,20,0.0,0.0,0.0,0.0,28.7,30.6,26.5,7.9,28.8
Pasir Panjang,2017,4,21,40.8,16.2,30.6,38.4,28.1,30.5,23.6,10.4,45.7
Pasir Panjang,2017,4,22,0.0,0.0,0.0,0.0,29.1,31.1,27.1,9.0,33.5
Pasir Panjang,2017,4,23,0.0,0.0,0.0,0.0,29.3,31.3,27.6,6.8,23.0
Pasir Panjang,2017,4,24,4.0,3.2,3.6,3.6,28.3,30.8,26.6,6.8,25.9
Pasir Panjang,2017,4,25,26.4,15.8,20.8,26.2,27.6,31.1,24.7,6.5,33.1
Pasir Panjang,2017,4,26,6.6,2.2,2.8,2.8,27.6,29.0,26.4,7.9,27.7
Pasir Panjang,2017,4,27,58.0,29.0,35.4,43.2,27.9,30.6,24.0,11.9,49.3
Pasir Panjang,2017,4,28,2.0,1.0,1.2,1.6,28.0,31.1,24.8,10.1,51.5
Pasir Panjang,2017,4,29,15.6,10.6,12.4,12.4,28.1,29.5,24.6,6.1,35.3
Pasir Panjang,2017,4,30,0.0,0.0,0.0,0.0,29.1,32.1,27.4,8.6,27.7
Pasir Panjang,2017,5,1,0.0,0.0,0.0,0.0,29.3,32.0,27.8,7.6,25.6
Pasir Panjang,2017,5,2,22.0,15.4,15.8,19.2,28.4,29.5,25.3,7.2,34.6
Pasir Panjang,2017,5,3,0.4,0.4,0.4,0.4,29.3,31.3,27.4,7.2,21.2
Pasir Panjang,2017,5,4,4.4,2.8,4.4,4.4,29.1,31.1,26.7,7.9,39.6
Pasir Panjang,2017,5,5,0.0,0.0,0.0,0.0,29.2,30.7,27.7,8.6,31.0
Pasir Panjang,2017,5,6,76.2,33.4,56.0,63.0,28.3,30.5,24.3,7.6,49.7
Pasir Panjang,2017,5,7,6.8,4.4,5.0,6.2,28.4,29.7,25.3,9.4,36.7
Pasir Panjang,2017,5,8,3.8,3.4,3.6,3.8,28.6,30.6,26.0,9.7,33.8
Pasir Panjang,2017,5,9,0.2,0.2,0.2,0.2,29.7,32.0,26.9,9.4,39.2
Pasir Panjang,2017,5,10,1.8,0.6,0.8,1.2,28.1,30.4,26.3,7.6,33.1
Pasir Panjang,2017,5,11,0.4,0.2,0.4,0.4,28.4,30.5,25.4,7.9,28.8
Pasir Panjang,2017,5,12,24.6,13.2,14.8,17.8,28.5,30.7,25.3,7.9,33.8
Pasir Panjang,2017,5,13,3.6,3.6,3.6,3.6,29.2,30.9,26.9,7.9,44.6
Pasir Panjang,2017,5,14,0.0,0.0,0.0,0.0,30.0,32.3,28.5,9.0,25.2
Pasir Panjang,2017,5,15,2.0,0.6,0.8,1.2,28.8,30.5,26.7,9.4,47.2
Pasir Panjang,2017,5,16,0.0,0.0,0.0,0.0,29.2,31.4,27.9,9.0,33.5
Pasir Panjang,2017,5,17,0.0,0.0,0.0,0.0,30.4,33.2,29.0,9.7,28.1
Pasir Panjang,2017,5,18,0.0,0.0,0.0,0.0,29.8,32.1,27.9,10.4,34.2
Pasir Panjang,2017,5,19,0.0,0.0,0.0,0.0,29.6,31.6,27.9,9.7,37.8
Pasir Panjang,2017,5,20,0.0,0.0,0.0,0.0,30.1,32.2,29.2,8.6,24.1
Pasir Panjang,2017,5,21,3.4,1.6,2.8,3.2,28.8,31.5,26.3,10.4,48.6
Pasir Panjang,2017,5,22,35.2,23.6,25.2,28.8,28.6,31.9,23.1,10.4,45.4
Pasir Panjang,2017,5,23,0.0,0.0,0.0,0.0,29.8,32.8,27.7,10.1,34.2
Pasir Panjang,2017,5,24,23.2,6.4,12.4,16.6,27.1,29.8,24.3,9.0,56.2
Pasir Panjang,2017,5,25,0.0,0.0,0.0,0.0,28.6,32.2,26.5,9.0,32.8
Pasir Panjang,2017,5,26,11.4,3.4,5.8,8.0,28.0,31.2,25.2,9.7,78.1
Pasir Panjang,2017,5,27,0.0,0.0,0.0,0.0,29.1,31.6,26.9,6.5,19.4
Pasir Panjang,2017,5,28,0.0,0.0,0.0,0.0,29.4,30.7,28.0,9.0,24.1
Pasir Panjang,2017,5,29,0.0,0.0,0.0,0.0,29.9,31.9,28.8,9.4,23.8
Pasir Panjang,2017,5,30,10.8,6.6,7.6,8.2,27.4,29.7,24.2,9.7,59.8
Pasir Panjang,2017,5,31,46.0,22.8,25.8,32.8,28.9,32.5,25.0,11.9,46.8
Pasir Panjang,2017,6,1,3.2,1.6,2.4,3.0,28.4,30.5,25.8,9.0,29.9
Pasir Panjang,2017,6,2,0.0,0.0,0.0,0.0,29.5,31.3,28.4,9.4,23.0
Pasir Panjang,2017,6,3,0.0,0.0,0.0,0.0,30.0,32.4,28.8,10.1,26.6
Pasir Panjang,2017,6,4,0.0,0.0,0.0,0.0,30.5,33.1,29.0,9.7,26.3
Pasir Panjang,2017,6,5,0.0,0.0,0.0,0.0,30.5,32.6,29.1,9.7,20.9
Pasir Panjang,2017,6,6,0.0,0.0,0.0,0.0,30.2,33.0,29.0,10.1,23.0
Pasir Panjang,2017,6,7,0.0,0.0,0.0,0.0,30.4,32.6,28.9,10.1,21.2
Pasir Panjang,2017,6,8,0.0,0.0,0.0,0.0,30.2,32.2,28.9,11.9,24.5
Pasir Panjang,2017,6,9,0.0,0.0,0.0,0.0,30.4,32.8,28.9,10.4,23.8
Pasir Panjang,2017,6,10,12.8,8.2,8.4,8.4,29.0,32.2,25.5,10.4,57.6
Pasir Panjang,2017,6,11,0.0,0.0,0.0,0.0,28.4,30.4,26.3,9.7,33.1
Pasir Panjang,2017,6,12,0.0,0.0,0.0,0.0,29.8,32.0,28.6,9.4,25.6
Pasir Panjang,2017,6,13,0.0,0.0,0.0,0.0,30.1,32.8,28.4,9.7,27.7
Pasir Panjang,2017,6,14,80.0,38.0,63.2,79.8,28.4,30.6,24.1,10.8,67.0
Pasir Panjang,2017,6,15,0.0,0.0,0.0,0.0,29.7,32.5,27.7,7.9,27.0
Pasir Panjang,2017,6,16,0.0,0.0,0.0,0.0,29.0,31.6,27.1,8.3,43.2
Pasir Panjang,2017,6,17,0.0,0.0,0.0,0.0,29.7,32.2,27.6,8.6,25.2
Pasir Panjang,2017,6,18,8.8,5.4,5.8,6.2,27.8,29.7,25.2,12.2,71.6
Pasir Panjang,2017,6,19,0.0,0.0,0.0,0.0,28.7,30.7,26.0,10.8,39.2
Pasir Panjang,2017,6,20,0.0,0.0,0.0,0.0,29.5,31.4,27.5,8.6,20.9
Pasir Panjang,2017,6,21,0.0,0.0,0.0,0.0,29.4,31.0,28.5,9.0,22.0
Pasir Panjang,2017,6,22,0.0,0.0,0.0,0.0,29.6,31.2,28.3,8.6,22.3
Pasir Panjang,2017,6,23,0.0,0.0,0.0,0.0,27.8,29.9,24.5,14.4,89.6
Pasir Panjang,2017,6,24,0.0,0.0,0.0,0.0,29.2,31.5,27.4,8.3,24.1
Pasir Panjang,2017,6,25,19.0,14.4,17.6,18.4,28.0,29.4,24.2,7.2,53.6
Pasir Panjang,2017,6,26,0.0,0.0,0.0,0.0,28.6,31.3,25.5,9.4,31.3
Pasir Panjang,2017,6,27,1.8,0.8,1.2,1.4,27.2,29.1,25.1,6.8,38.9
Pasir Panjang,2017,6,28,25.8,20.4,25.6,25.8,28.2,31.9,22.9,6.8,51.1
Pasir Panjang,2017,6,29,6.4,6.2,6.2,6.4,27.8,30.0,24.5,9.7,55.8
Pasir Panjang,2017,6,30,0.0,0.0,0.0,0.0,28.9,31.8,27.2,9.4,25.9
Pasir Panjang,2017,7,1,0.0,0.0,0.0,0.0,29.9,32.2,28.3,9.0,26.3
Pasir Panjang,2017,7,2,0.0,0.0,0.0,0.0,29.7,31.9,28.1,9.0,27.7
Pasir Panjang,2017,7,3,0.4,0.2,0.2,0.2,27.5,29.2,25.2,12.2,46.4
Pasir Panjang,2017,7,4,0.0,0.0,0.0,0.0,28.7,30.5,27.3,9.7,33.1
Pasir Panjang,2017,7,5,2.2,1.0,1.4,2.0,28.2,31.1,25.2,9.7,51.5
Pasir Panjang,2017,7,6,4.2,4.2,4.2,4.2,28.6,30.1,26.5,10.1,26.6
Pasir Panjang,2017,7,7,0.0,0.0,0.0,0.0,29.0,31.3,26.5,10.4,32.0
Pasir Panjang,2017,7,8,1.8,1.6,1.6,1.8,28.6,29.9,25.5,10.1,37.1
Pasir Panjang,2017,7,9,0.0,0.0,0.0,0.0,27.9,29.7,26.1,10.8,43.2
Pasir Panjang,2017,7,10,0.0,0.0,0.0,0.0,29.1,31.6,27.5,9.0,37.1
Pasir Panjang,2017,7,11,0.0,0.0,0.0,0.0,28.4,29.5,26.2,14.4,53.6
Pasir Panjang,2017,7,12,19.0,13.6,16.0,17.4,26.9,28.7,23.7,11.9,47.2
Pasir Panjang,2017,7,13,10.0,6.6,6.8,6.8,28.2,30.3,24.4,9.0,46.1
Pasir Panjang,2017,7,14,16.8,5.0,6.6,9.8,27.0,28.6,24.8,7.9,36.4
Pasir Panjang,2017,7,15,19.0,13.8,17.8,19.0,28.0,30.0,23.8,10.4,48.2
Pasir Panjang,2017,7,16,0.0,0.0,0.0,0.0,28.7,31.5,27.5,14.0,33.8
Pasir Panjang,2017,7,17,0.0,0.0,0.0,0.0,29.3,31.7,27.7,11.9,32.4
Pasir Panjang,2017,7,18,0.0,0.0,0.0,0.0,29.0,30.6,28.1,10.1,28.4
Pasir Panjang,2017,7,19,0.0,0.0,0.0,0.0,28.7,31.0,27.4,10.4,28.4
Pasir Panjang,2017,7,20,0.0,0.0,0.0,0.0,29.1,31.5,27.8,9.7,23.0
Pasir Panjang,2017,7,21,0.0,0.0,0.0,0.0,29.4,31.7,28.1,11.2,27.0
Pasir Panjang,2017,7,22,0.0,0.0,0.0,0.0,29.7,32.3,28.2,11.5,28.1
Pasir Panjang,2017,7,23,0.0,0.0,0.0,0.0,29.7,32.9,28.1,10.1,23.8
Pasir Panjang,2017,7,24,0.0,0.0,0.0,0.0,29.5,31.9,28.1,11.5,27.4
Pasir Panjang,2017,7,25,0.0,0.0,0.0,0.0,29.6,32.1,28.1,12.2,25.2
Pasir Panjang,2017,7,26,2.8,2.6,2.8,2.8,28.9,30.3,25.8,10.8,39.2
Pasir Panjang,2017,7,27,0.0,0.0,0.0,0.0,29.6,31.6,28.4,10.8,31.3
Pasir Panjang,2017,7,28,0.0,0.0,0.0,0.0,29.7,32.3,28.2,10.1,27.4
Pasir Panjang,2017,7,29,0.0,0.0,0.0,0.0,29.7,31.5,28.3,10.1,33.5
Pasir Panjang,2017,7,30,0.0,0.0,0.0,0.0,29.8,33.0,28.6,10.1,23.0
Pasir Panjang,2017,7,31,0.0,0.0,0.0,0.0,29.7,32.0,28.4,9.7,28.1
Pasir Panjang,2017,8,1,0.4,0.4,0.4,0.4,29.9,32.2,27.9,10.1,34.2
Pasir Panjang,2017,8,2,0.0,0.0,0.0,0.0,29.7,31.5,28.6,13.0,35.6
Pasir Panjang,2017,8,3,0.0,0.0,0.0,0.0,29.6,31.4,28.3,11.9,31.0
Pasir Panjang,2017,8,4,0.0,0.0,0.0,0.0,29.6,32.2,28.0,11.2,28.4
Pasir Panjang,2017,8,5,0.0,0.0,0.0,0.0,29.6,32.0,28.3,11.5,32.0
Pasir Panjang,2017,8,6,1.4,1.0,1.0,1.0,29.2,31.9,27.1,10.4,66.2
Pasir Panjang,2017,8,7,0.6,0.6,0.6,0.6,29.0,30.3,27.1,9.7,34.6
Pasir Panjang,2017,8,8,4.4,4.4,4.4,4.4,27.9,30.1,26.3,8.6,32.8
Pasir Panjang,2017,8,9,0.0,0.0,0.0,0.0,27.9,30.2,25.7,11.5,40.7
Pasir Panjang,2017,8,10,0.0,0.0,0.0,0.0,28.9,30.6,27.2,7.6,21.6
Pasir Panjang,2017,8,11,3.8,2.6,2.8,3.2,27.5,28.8,24.6,8.6,44.3
Pasir Panjang,2017,8,12,28.0,11.0,14.2,14.2,26.7,29.0,23.9,7.6,30.6
Pasir Panjang,2017,8,13,0.0,0.0,0.0,0.0,27.5,29.3,26.4,13.0,37.4
Pasir Panjang,2017,8,14,0.0,0.0,0.0,0.0,28.7,30.9,27.2,10.1,27.7
Pasir Panjang,2017,8,15,10.8,9.0,10.4,10.8,27.4,28.5,23.2,9.4,37.1
Pasir Panjang,2017,8,16,0.0,0.0,0.0,0.0,28.3,31.1,26.8,9.0,25.2
Pasir Panjang,2017,8,17,24.8,8.4,10.8,16.0,27.6,31.4,24.1,9.4,25.2
Pasir Panjang,2017,8,18,0.0,0.0,0.0,0.0,28.3,31.5,25.7,8.6,29.2
Pasir Panjang,2017,8,19,13.8,13.6,13.6,13.6,28.8,31.9,25.2,10.1,43.2
Pasir Panjang,2017,8,20,0.0,0.0,0.0,0.0,29.3,31.9,27.9,10.4,26.3
Pasir Panjang,2017,8,21,0.0,0.0,0.0,0.0,29.3,31.5,27.9,9.7,32.0
Pasir Panjang,2017,8,22,0.0,0.0,0.0,0.0,27.9,29.0,26.2,10.8,31.3
Pasir Panjang,2017,8,23,0.0,0.0,0.0,0.0,29.2,31.8,28.1,10.4,28.8
Pasir Panjang,2017,8,24,4.4,4.2,4.4,4.4,29.1,31.1,27.0,10.8,33.5
Pasir Panjang,2017,8,25,0.0,0.0,0.0,0.0,28.6,30.1,27.2,10.4,28.8
Pasir Panjang,2017,8,26,0.0,0.0,0.0,0.0,29.2,31.6,27.9,10.8,28.1
Pasir Panjang,2017,8,27,0.8,0.4,0.6,0.8,28.2,30.3,25.5,10.8,31.3
Pasir Panjang,2017,8,28,0.0,0.0,0.0,0.0,28.8,30.0,28.0,9.4,26.6
Pasir Panjang,2017,8,29,0.8,0.4,0.6,0.6,27.4,29.8,25.0,9.0,40.0
Pasir Panjang,2017,8,30,0.0,0.0,0.0,0.0,28.4,30.7,26.8,7.6,24.1
Pasir Panjang,2017,8,31,0.0,0.0,0.0,0.0,29.4,31.9,28.0,10.8,31.7
Pasir Panjang,2017,9,1,0.0,0.0,0.0,0.0,29.3,31.4,27.9,11.5,29.5
Pasir Panjang,2017,9,2,0.0,0.0,0.0,0.0,29.6,32.0,28.0,11.5,31.0
Pasir Panjang,2017,9,3,0.0,0.0,0.0,0.0,29.6,32.5,28.1,12.2,28.8
Pasir Panjang,2017,9,4,0.0,0.0,0.0,0.0,29.0,30.7,27.5,9.4,32.0
Pasir Panjang,2017,9,5,1.4,1.0,1.4,1.4,29.2,31.1,26.0,10.4,42.5
Pasir Panjang,2017,9,6,6.0,5.2,5.4,5.6,27.6,28.7,25.1,8.3,31.0
Pasir Panjang,2017,9,7,1.8,1.8,1.8,1.8,28.4,30.1,25.5,9.0,32.4
Pasir Panjang,2017,9,8,0.0,0.0,0.0,0.0,28.2,31.0,26.3,9.7,34.2
Pasir Panjang,2017,9,9,6.4,6.2,6.4,6.4,28.4,30.8,24.9,7.2,40.7
Pasir Panjang,2017,9,10,0.4,0.2,0.2,0.2,28.5,30.5,25.7,7.9,53.3
Pasir Panjang,2017,9,11,9.6,4.2,5.2,6.6,27.1,28.9,24.3,10.1,53.6
Pasir Panjang,2017,9,12,0.0,0.0,0.0,0.0,29.2,32.0,26.7,8.3,21.6
Pasir Panjang,2017,9,13,0.0,0.0,0.0,0.0,29.6,32.0,27.7,9.7,26.3
Pasir Panjang,2017,9,14,2.6,2.6,2.6,2.6,28.7,31.4,26.2,9.4,34.2
Pasir Panjang,2017,9,15,8.4,3.2,4.8,6.6,27.9,29.8,24.7,8.3,37.1
Pasir Panjang,2017,9,16,12.0,6.6,7.0,12.0,27.4,29.5,23.7,11.5,49.0
Pasir Panjang,2017,9,17,5.8,5.4,5.4,5.4,28.9,32.8,25.4,11.2,38.2
Pasir Panjang,2017,9,18,37.4,24.8,34.8,36.0,27.7,32.3,24.0,7.6,40.7
Pasir Panjang,2017,9,19,0.6,0.6,0.6,0.6,27.3,29.6,26.1,7.2,27.0
Pasir Panjang,2017,9,20,10.0,8.6,9.4,9.4,27.3,29.2,23.9,13.7,90.0
Pasir Panjang,2017,9,21,3.0,1.2,1.6,1.8,27.3,29.8,24.3,11.2,67.3
Pasir Panjang,2017,9,22,5.6,5.6,5.6,5.6,29.3,31.4,26.6,7.9,23.8
Pasir Panjang,2017,9,23,0.0,0.0,0.0,0.0,29.1,31.4,28.2,10.1,32.4
Pasir Panjang,2017,9,24,7.6,5.0,6.2,7.0,28.3,31.0,24.6,9.4,56.2
Pasir Panjang,2017,9,25,0.0,0.0,0.0,0.0,29.5,31.7,28.5,9.0,30.2
Pasir Panjang,2017,9,26,22.0,20.4,21.8,21.8,28.1,31.4,24.0,8.3,41.4
Pasir Panjang,2017,9,27,0.2,0.2,0.2,0.2,27.9,29.7,26.3,9.7,42.5
Pasir Panjang,2017,9,28,0.0,0.0,0.0,0.0,28.8,30.3,25.9,7.2,45.0
Pasir Panjang,2017,9,29,8.2,6.6,8.0,8.0,28.0,29.5,24.0,10.8,70.9
Pasir Panjang,2017,9,30,0.0,0.0,0.0,0.0,28.0,29.2,26.0,12.2,46.8
Pasir Panjang,2017,10,1,3.0,0.8,0.8,1.6,27.7,29.2,26.7,7.9,40.0
Pasir Panjang,2017,10,2,0.0,0.0,0.0,0.0,28.1,30.6,25.4,9.7,43.2
Pasir Panjang,2017,10,3,4.0,3.2,3.8,3.8,28.2,30.5,26.8,7.6,41.0
Pasir Panjang,2017,10,4,1.4,1.0,1.2,1.2,26.6,27.8,24.0,8.6,61.9
Pasir Panjang,2017,10,5,0.0,0.0,0.0,0.0,27.9,30.3,25.1,8.6,23.4
Pasir Panjang,2017,10,6,12.4,4.6,6.2,7.8,28.1,30.9,25.4,6.8,30.6
Pasir Panjang,2017,10,7,20.6,18.8,20.4,20.4,27.8,31.5,24.7,8.6,49.0
Pasir Panjang,2017,10,8,20.6,16.0,17.8,17.8,27.5,29.3,25.9,9.0,33.8
Pasir Panjang,2017,10,9,20.8,15.6,20.2,20.6,28.3,31.1,24.5,12.2,65.2
Pasir Panjang,2017,10,10,5.6,2.2,2.6,2.6,28.2,30.3,25.2,11.5,28.8
Pasir Panjang,2017,10,11,2.6,2.2,2.6,2.6,28.1,31.0,23.9,11.5,52.6
Pasir Panjang,2017,10,12,39.8,26.0,30.2,36.2,27.2,28.6,23.7,9.4,40.0
Pasir Panjang,2017,10,13,8.6,7.0,8.6,8.6,27.3,29.6,24.2,13.7,46.1
Pasir Panjang,2017,10,14,0.0,0.0,0.0,0.0,29.2,31.5,27.7,13.0,35.3
Pasir Panjang,2017,10,15,0.0,0.0,0.0,0.0,30.1,32.3,28.3,8.6,29.5
Pasir Panjang,2017,10,16,0.0,0.0,0.0,0.0,28.8,30.7,26.3,11.9,51.8
Pasir Panjang,2017,10,17,0.0,0.0,0.0,0.0,30.1,33.1,28.5,10.1,24.8
Pasir Panjang,2017,10,18,0.0,0.0,0.0,0.0,30.6,33.6,28.6,9.4,32.8
Pasir Panjang,2017,10,19,0.0,0.0,0.0,0.0,30.1,32.1,28.5,9.0,30.2
Pasir Panjang,2017,10,20,0.0,0.0,0.0,0.0,30.2,32.3,28.1,10.4,31.7
Pasir Panjang,2017,10,21,0.4,0.4,0.4,0.4,30.0,31.7,28.5,9.0,37.8
Pasir Panjang,2017,10,22,0.0,0.0,0.0,0.0,28.8,30.3,25.9,9.0,55.8
Pasir Panjang,2017,10,23,1.6,1.0,1.4,1.6,29.1,30.9,25.7,10.4,32.0
Pasir Panjang,2017,10,24,0.0,0.0,0.0,0.0,28.6,30.9,27.4,7.9,28.8
Pasir Panjang,2017,10,25,0.0,0.0,0.0,0.0,28.5,31.9,26.7,9.0,36.7
Pasir Panjang,2017,10,26,0.4,0.4,0.4,0.4,28.4,30.2,27.1,10.1,33.5
Pasir Panjang,2017,10,27,0.6,0.4,0.6,0.6,28.3,30.2,27.1,9.0,34.2
Pasir Panjang,2017,10,28,0.0,0.0,0.0,0.0,29.1,31.9,27.0,13.3,39.6
Pasir Panjang,2017,10,29,9.4,5.6,8.8,9.2,27.5,30.1,26.2,9.0,30.6
Pasir Panjang,2017,10,30,13.8,7.2,7.6,7.8,27.0,29.2,25.2,7.2,33.1
Pasir Panjang,2017,10,31,3.0,2.8,2.8,3.0,26.9,28.3,24.4,9.7,54.7
Pasir Panjang,2017,11,1,0.0,0.0,0.0,0.0,28.0,30.2,26.1,9.0,31.3
Pasir Panjang,2017,11,2,0.0,0.0,0.0,0.0,28.3,30.4,26.1,7.6,28.4
Pasir Panjang,2017,11,3,13.4,7.6,9.2,9.8,28.0,30.6,23.5,10.1,61.2
Pasir Panjang,2017,11,4,8.8,4.6,4.8,4.8,27.5,31.3,25.4,9.0,59.8
Pasir Panjang,2017,11,5,0.6,0.4,0.4,0.6,28.4,31.5,25.6,7.9,29.5
Pasir Panjang,2017,11,6,34.0,11.4,13.8,25.6,27.5,30.4,23.6,8.3,55.1
Pasir Panjang,2017,11,7,0.6,0.4,0.4,0.4,27.5,28.8,26.7,7.6,20.2
Pasir Panjang,2017,11,8,12.2,7.8,10.2,10.6,27.4,29.7,24.1,15.1,46.4
Pasir Panjang,2017,11,9,4.2,2.0,3.2,3.8,27.4,31.2,25.1,11.5,42.8
Pasir Panjang,2017,11,10,20.8,13.8,15.0,15.8,26.5,30.5,24.3,7.6,42.1
Pasir Panjang,2017,11,11,0.8,0.2,0.4,0.6,26.9,29.2,25.8,9.4,70.6
Pasir Panjang,2017,11,12,1.0,0.8,1.0,1.0,28.2,29.9,26.1,11.2,36.4
Pasir Panjang,2017,11,13,2.4,1.4,2.2,2.4,28.1,31.0,25.4,8.6,65.2
Pasir Panjang,2017,11,14,58.2,19.2,35.2,46.8,26.4,28.5,23.2,11.9,60.1
Pasir Panjang,2017,11,15,0.0,0.0,0.0,0.0,27.8,30.5,26.0,8.6,33.1
Pasir Panjang,2017,11,16,0.0,0.0,0.0,0.0,28.8,31.8,26.7,7.6,22.7
Pasir Panjang,2017,11,17,15.0,5.4,7.6,7.6,27.3,28.7,24.2,10.8,54.7
Pasir Panjang,2017,11,18,3.2,1.4,1.8,2.0,27.9,32.1,25.7,8.3,31.3
Pasir Panjang,2017,11,19,0.0,0.0,0.0,0.0,28.8,30.9,25.7,10.4,45.0
Pasir Panjang,2017,11,20,0.8,0.6,0.6,0.6,28.2,30.1,26.7,10.1,43.6
Pasir Panjang,2017,11,21,13.0,9.4,11.4,13.0,26.9,28.7,23.6,7.6,66.6
Pasir Panjang,2017,11,22,32.0,21.6,31.4,32.0,27.5,32.2,22.6,7.9,40.7
Pasir Panjang,2017,11,23,9.0,4.6,7.0,8.8,27.1,29.6,24.7,8.3,43.2
Pasir Panjang,2017,11,24,3.6,3.4,3.6,3.6,26.7,30.0,24.7,12.6,45.4
Pasir Panjang,2017,11,25,1.4,0.8,0.8,1.0,27.3,32.1,25.8,9.4,35.6
Pasir Panjang,2017,11,26,5.4,4.6,5.4,5.4,27.2,30.7,24.7,10.4,49.3
Pasir Panjang,2017,11,27,1.4,0.4,0.8,1.4,26.5,27.5,25.3,11.9,31.0
Pasir Panjang,2017,11,28,2.2,1.4,1.4,2.2,27.0,29.8,25.7,14.0,44.3
Pasir Panjang,2017,11,29,7.6,2.0,3.6,4.6,27.3,29.2,25.1,19.8,64.4
Pasir Panjang,2017,11,30,8.2,6.6,7.6,8.0,28.0,30.4,24.3,21.2,61.2
Pasir Panjang,2017,12,1,0.0,0.0,0.0,0.0,29.0,32.6,26.5,12.6,35.3
Pasir Panjang,2017,12,2,0.0,0.0,0.0,0.0,29.2,32.7,26.5,9.4,32.4
Pasir Panjang,2017,12,3,0.0,0.0,0.0,0.0,28.8,30.8,27.3,9.4,23.8
Pasir Panjang,2017,12,4,1.0,1.0,1.0,1.0,28.4,31.2,26.9,7.2,21.6
Pasir Panjang,2017,12,5,0.0,0.0,0.0,0.0,29.0,32.8,27.0,7.9,27.7
Pasir Panjang,2017,12,6,0.0,0.0,0.0,0.0,28.5,31.2,25.9,9.0,26.3
Pasir Panjang,2017,12,7,1.2,0.6,0.8,1.0,28.0,30.9,26.3,9.4,24.1
Pasir Panjang,2017,12,8,0.0,0.0,0.0,0.0,27.8,30.2,25.8,15.5,42.8
Pasir Panjang,2017,12,9,0.2,0.2,0.2,0.2,26.6,27.8,25.0,12.6,40.7
Pasir Panjang,2017,12,10,8.6,2.8,3.0,4.4,27.7,32.3,25.2,10.1,39.2
Pasir Panjang,2017,12,11,15.2,6.4,8.0,8.8,27.4,31.4,25.2,9.7,41.8
Pasir Panjang,2017,12,12,13.2,5.2,7.8,9.2,26.6,30.4,24.8,8.6,45.4
Pasir Panjang,2017,12,13,0.2,0.2,0.2,0.2,27.2,31.4,25.3,10.4,37.4
Pasir Panjang,2017,12,14,0.0,0.0,0.0,0.0,28.1,31.7,25.8,10.1,31.0
Pasir Panjang,2017,12,15,8.2,4.2,4.8,6.8,27.2,32.2,24.2,9.4,43.9
Pasir Panjang,2017,12,16,0.6,0.6,0.6,0.6,27.6,31.5,25.6,10.4,53.3
Pasir Panjang,2017,12,17,0.0,0.0,0.0,0.0,28.0,31.8,26.0,16.2,54.7
Pasir Panjang,2017,12,18,0.0,0.0,0.0,0.0,28.0,31.1,26.2,15.8,49.7
Pasir Panjang,2017,12,19,2.2,1.4,2.0,2.2,26.9,30.3,25.5,15.5,47.9
Pasir Panjang,2017,12,20,0.0,0.0,0.0,0.0,27.4,30.6,25.6,15.8,42.1
Pasir Panjang,2017,12,21,0.0,0.0,0.0,0.0,28.1,31.2,25.9,16.2,45.0
Pasir Panjang,2017,12,22,7.2,5.2,5.2,5.2,28.3,31.5,24.3,14.8,57.2
Pasir Panjang,2017,12,23,5.0,3.2,3.8,3.8,27.7,30.3,24.1,15.5,50.4
Pasir Panjang,2017,12,24,0.0,0.0,0.0,0.0,26.9,28.3,25.7,14.8,38.5
Pasir Panjang,2017,12,25,9.6,8.0,9.2,9.6,27.5,30.9,25.2,10.8,32.8
Pasir Panjang,2017,12,26,1.0,1.0,1.0,1.0,27.5,30.8,24.9,11.2,41.4
Pasir Panjang,2017,12,27,4.8,4.8,4.8,4.8,27.5,30.5,25.3,9.7,28.4
Pasir Panjang,2017,12,28,0.0,0.0,0.0,0.0,27.5,31.1,25.9,11.5,32.8
Pasir Panjang,2017,12,29,4.0,2.8,3.4,3.4,27.9,31.1,26.3,13.3,45.7
Pasir Panjang,2017,12,30,19.2,8.8,8.8,9.0,26.7,29.8,25.1,11.5,45.4
Pasir Panjang,2017,12,31,109.8,18.0,23.2,38.8,25.2,26.1,24.0,9.4,36.4
Pasir Panjang,2018,1,1,54.6,12.6,15.6,24.2,25.2,27.0,23.5,10.1,30.6
Pasir Panjang,2018,1,2,2.8,1.6,2.2,2.8,25.8,28.0,24.8,9.0,27.0
Pasir Panjang,2018,1,3,0.0,0.0,0.0,0.0,26.8,31.1,24.8,8.6,25.2
Pasir Panjang,2018,1,4,1.8,1.6,1.6,1.6,26.9,29.5,24.9,9.7,39.6
Pasir Panjang,2018,1,5,18.6,8.4,11.4,16.8,26.4,28.3,24.2,6.1,20.9
Pasir Panjang,2018,1,6,0.0,0.0,0.0,0.0,27.5,30.1,25.3,7.6,20.9
Pasir Panjang,2018,1,7,0.0,0.0,0.0,0.0,27.9,32.3,26.2,7.9,25.9
Pasir Panjang,2018,1,8,23.4,8.8,9.0,9.0,27.0,30.3,24.2,7.6,31.0
Pasir Panjang,2018,1,9,34.8,24.6,28.0,34.8,26.9,31.8,23.4,10.8,46.4
Pasir Panjang,2018,1,10,10.2,1.2,2.4,3.8,25.2,27.2,23.7,10.8,33.8
Pasir Panjang,2018,1,11,9.6,4.4,4.6,4.8,24.2,25.6,22.6,20.5,58.7
Pasir Panjang,2018,1,12,3.0,0.4,0.6,1.0,23.2,24.5,22.4,20.9,51.1
Pasir Panjang,2018,1,13,9.8,1.4,2.2,3.0,23.2,24.3,22.7,16.9,43.2
Pasir Panjang,2018,1,14,4.4,1.0,1.6,2.6,23.9,25.8,22.0,15.5,49.7
Pasir Panjang,2018,1,15,0.8,0.6,0.6,0.6,25.1,27.6,23.4,14.4,43.2
Pasir Panjang,2018,1,16,0.0,0.0,0.0,0.0,26.7,29.6,24.2,13.3,37.4
Pasir Panjang,2018,1,17,0.0,0.0,0.0,0.0,27.3,31.7,25.3,10.8,38.5
Pasir Panjang,2018,1,18,1.0,1.0,1.0,1.0,27.3,31.7,25.1,11.5,31.0
Pasir Panjang,2018,1,19,24.0,21.6,23.6,24.0,26.9,32.1,24.7,9.4,32.4
Pasir Panjang,2018,1,20,17.4,17.2,17.2,17.2,26.6,28.8,24.4,8.6,38.9
Pasir Panjang,2018,1,21,0.0,0.0,0.0,0.0,27.8,31.3,25.2,13.3,37.8
Pasir Panjang,2018,1,22,0.0,0.0,0.0,0.0,28.3,31.3,26.0,12.6,43.2
Pasir Panjang,2018,1,23,3.8,3.8,3.8,3.8,27.4,30.0,25.5,10.8,57.2
Pasir Panjang,2018,1,24,53.4,16.6,20.0,30.8,26.6,31.1,23.3,10.1,47.2
Pasir Panjang,2018,1,25,0.2,0.2,0.2,0.2,26.8,30.3,24.5,9.4,33.1
Pasir Panjang,2018,1,26,31.6,21.8,26.2,31.6,26.6,30.5,23.9,8.3,42.5
Pasir Panjang,2018,1,27,0.0,0.0,0.0,0.0,27.9,31.5,25.3,9.7,32.0
Pasir Panjang,2018,1,28,1.8,1.4,1.4,1.4,27.2,31.7,25.6,9.7,30.2
Pasir Panjang,2018,1,29,0.0,0.0,0.0,0.0,27.9,31.2,25.0,14.8,45.7
Pasir Panjang,2018,1,30,0.0,0.0,0.0,0.0,28.0,31.9,26.5,11.2,32.0
Pasir Panjang,2018,1,31,0.0,0.0,0.0,0.0,27.8,32.0,25.8,11.2,27.7
Pasir Panjang,2018,2,1,0.6,0.6,0.6,0.6,28.5,32.6,26.4,14.8,47.2
Pasir Panjang,2018,2,2,5.6,4.0,5.4,5.4,26.1,28.0,24.8,13.7,40.0
Pasir Panjang,2018,2,3,0.0,0.0,0.0,0.0,27.5,30.9,25.0,15.5,46.4
Pasir Panjang,2018,2,4,0.0,0.0,0.0,0.0,27.1,30.4,25.7,15.8,47.5
Pasir Panjang,2018,2,5,1.2,1.2,1.2,1.2,27.1,30.1,25.5,17.6,50.8
Pasir Panjang,2018,2,6,0.0,0.0,0.0,0.0,26.9,30.5,24.9,17.3,43.9
Pasir Panjang,2018,2,7,0.0,0.0,0.0,0.0,26.3,28.6,24.8,15.8,45.7
Pasir Panjang,2018,2,8,0.0,0.0,0.0,0.0,26.7,30.7,24.4,15.5,41.8
Pasir Panjang,2018,2,9,0.0,0.0,0.0,0.0,27.0,31.2,24.2,14.4,38.9
Pasir Panjang,2018,2,10,0.0,0.0,0.0,0.0,27.0,30.8,24.3,14.4,34.6
Pasir Panjang,2018,2,11,0.0,0.0,0.0,0.0,27.3,31.2,24.8,16.6,40.7
Pasir Panjang,2018,2,12,0.0,0.0,0.0,0.0,27.5,31.7,24.9,18.7,50.0
Pasir Panjang,2018,2,13,0.0,0.0,0.0,0.0,27.7,32.1,25.2,13.7,36.4
Pasir Panjang,2018,2,14,0.0,0.0,0.0,0.0,27.4,31.6,25.1,13.0,35.3
Pasir Panjang,2018,2,15,0.0,0.0,0.0,0.0,27.7,32.1,25.5,10.8,32.0
Pasir Panjang,2018,2,16,0.0,0.0,0.0,0.0,27.5,30.8,25.4,10.8,27.4
Pasir Panjang,2018,2,17,0.0,0.0,0.0,0.0,27.8,31.3,25.4,11.9,31.0
Pasir Panjang,2018,2,18,0.0,0.0,0.0,0.0,27.9,32.3,25.9,10.4,28.4
Pasir Panjang,2018,2,19,0.0,0.0,0.0,0.0,28.0,33.0,25.0,12.6,37.1
Pasir Panjang,2018,2,20,0.0,0.0,0.0,0.0,28.2,32.3,25.5,12.6,32.8
Pasir Panjang,2018,2,21,0.0,0.0,0.0,0.0,28.2,32.8,25.6,12.2,35.3
Pasir Panjang,2018,2,22,0.0,0.0,0.0,0.0,28.1,32.0,25.8,11.9,38.9
Pasir Panjang,2018,2,23,32.6,17.4,23.0,28.4,26.7,31.3,23.6,10.1,38.2
Pasir Panjang,2018,2,24,0.0,0.0,0.0,0.0,26.3,29.0,25.1,11.2,35.6
Pasir Panjang,2018,2,25,0.0,0.0,0.0,0.0,27.6,30.6,25.7,11.9,32.0
Pasir Panjang,2018,2,26,0.0,0.0,0.0,0.0,27.9,31.1,25.8,13.7,38.5
Pasir Panjang,2018,2,27,0.0,0.0,0.0,0.0,27.8,32.1,25.6,11.2,31.0
Pasir Panjang,2018,2,28,3.6,3.4,3.6,3.6,27.7,31.6,25.9,11.9,35.6
Pasir Panjang,2018,3,1,0.4,0.4,0.4,0.4,28.1,32.3,26.0,9.4,31.0
Pasir Panjang,2018,3,2,0.0,0.0,0.0,0.0,27.8,31.5,26.3,8.6,28.1
Pasir Panjang,2018,3,3,41.0,37.0,40.8,40.8,27.8,32.8,23.4,8.6,35.3
Pasir Panjang,2018,3,4,0.4,0.2,0.4,0.4,27.8,31.4,26.1,7.6,38.5
Pasir Panjang,2018,3,5,0.0,0.0,0.0,0.0,29.0,33.3,26.3,10.8,29.5
Pasir Panjang,2018,3,6,13.0,13.0,13.0,13.0,28.4,31.3,24.8,9.7,56.5
Pasir Panjang,2018,3,7,15.2,13.2,13.6,13.6,26.7,28.0,24.2,11.5,54.0
Pasir Panjang,2018,3,8,0.0,0.0,0.0,0.0,27.5,30.0,25.9,9.7,31.3
Pasir Panjang,2018,3,9,0.0,0.0,0.0,0.0,28.7,32.5,25.9,14.0,40.7
Pasir Panjang,2018,3,10,6.4,3.4,3.6,3.6,27.4,29.3,25.9,14.8,51.8
Pasir Panjang,2018,3,11,0.0,0.0,0.0,0.0,28.1,31.2,25.9,13.7,40.0
Pasir Panjang,2018,3,12,10.4,7.4,10.4,10.4,27.6,30.7,25.5,11.9,45.7
Pasir Panjang,2018,3,13,0.0,0.0,0.0,0.0,28.4,32.4,26.4,10.4,40.3
Pasir Panjang,2018,3,14,0.0,0.0,0.0,0.0,28.6,33.1,26.2,9.4,28.1
Pasir Panjang,2018,3,15,0.0,0.0,0.0,0.0,28.7,32.1,26.2,8.6,22.0
Pasir Panjang,2018,3,16,0.0,0.0,0.0,0.0,28.7,31.8,25.3,8.6,37.8
Pasir Panjang,2018,3,17,11.4,10.6,10.6,11.4,28.6,32.3,26.1,9.7,40.3
Pasir Panjang,2018,3,18,0.0,0.0,0.0,0.0,28.9,33.1,26.5,11.5,31.0
Pasir Panjang,2018,3,19,1.0,0.6,1.0,1.0,28.8,32.4,26.6,9.7,27.4
Pasir Panjang,2018,3,20,4.6,4.0,4.4,4.4,28.4,32.4,25.6,9.7,53.3
Pasir Panjang,2018,3,21,0.0,0.0,0.0,0.0,28.4,31.7,26.5,9.7,33.8
Pasir Panjang,2018,3,22,0.0,0.0,0.0,0.0,29.2,33.3,26.9,14.0,38.9
Pasir Panjang,2018,3,23,0.0,0.0,0.0,0.0,29.0,32.9,26.5,11.5,32.4
Pasir Panjang,2018,3,24,40.4,17.6,24.4,40.4,27.8,32.1,23.4,10.8,43.6
Pasir Panjang,2018,3,25,7.2,5.4,5.4,5.4,27.1,29.3,25.5,7.9,27.7
Pasir Panjang,2018,3,26,81.8,29.8,45.4,59.2,27.0,32.0,24.0,9.7,34.2
Pasir Panjang,2018,3,27,4.8,3.4,3.6,3.8,25.6,27.4,23.9,14.4,55.4
Pasir Panjang,2018,3,28,0.0,0.0,0.0,0.0,27.2,30.3,25.2,8.6,27.4
Pasir Panjang,2018,3,29,0.0,0.0,0.0,0.0,27.5,30.8,26.2,8.6,23.0
Pasir Panjang,2018,3,30,2.0,1.2,1.6,2.0,27.5,31.1,24.0,7.9,62.3
Pasir Panjang,2018,3,31,0.0,0.0,0.0,0.0,28.5,31.4,26.2,11.9,46.4
Pasir Panjang,2018,4,1,3.0,2.4,3.0,3.0,27.9,32.3,26.5,10.1,31.0
Pasir Panjang,2018,4,2,20.2,15.4,19.2,20.0,28.2,33.1,24.3,11.2,45.0
Pasir Panjang,2018,4,3,0.0,0.0,0.0,0.0,28.6,33.0,26.6,9.0,28.1
Pasir Panjang,2018,4,4,0.0,0.0,0.0,0.0,28.8,31.6,26.5,10.1,27.4
Pasir Panjang,2018,4,5,0.0,0.0,0.0,0.0,29.0,32.5,26.4,8.6,25.9
Pasir Panjang,2018,4,6,0.0,0.0,0.0,0.0,28.9,32.0,26.6,9.7,25.6
Pasir Panjang,2018,4,7,2.8,1.6,2.0,2.8,28.0,31.9,26.5,9.4,28.8
Pasir Panjang,2018,4,8,0.0,0.0,0.0,0.0,28.7,32.5,26.7,11.5,36.0
Pasir Panjang,2018,4,9,0.0,0.0,0.0,0.0,29.0,33.0,26.9,13.0,43.9
Pasir Panjang,2018,4,10,0.0,0.0,0.0,0.0,29.1,32.4,27.1,8.6,27.7
Pasir Panjang,2018,4,11,0.0,0.0,0.0,0.0,29.5,33.1,27.1,9.7,28.1
Pasir Panjang,2018,4,12,2.8,1.4,2.0,2.6,29.4,32.6,27.4,9.4,27.0
Pasir Panjang,2018,4,13,1.0,1.0,1.0,1.0,29.5,32.9,27.6,10.4,33.8
Pasir Panjang,2018,4,14,4.4,2.0,3.6,4.0,28.1,31.4,25.4,7.2,44.3
Pasir Panjang,2018,4,15,5.6,4.2,4.4,4.4,27.6,31.4,25.8,8.3,33.5
Pasir Panjang,2018,4,16,0.8,0.4,0.4,0.6,26.9,28.8,26.3,7.6,50.4
Pasir Panjang,2018,4,17,14.4,10.0,12.8,14.4,27.7,32.7,24.7,7.2,48.2
Pasir Panjang,2018,4,18,0.0,0.0,0.0,0.0,29.1,33.7,26.3,9.4,29.9
Pasir Panjang,2018,4,19,36.0,31.6,35.8,36.0,28.0,31.3,24.2,7.2,37.4
Pasir Panjang,2018,4,20,48.8,33.0,43.8,44.2,27.8,33.0,24.8,7.9,38.9
Pasir Panjang,2018,4,21,2.0,1.0,1.2,1.2,27.5,31.5,26.1,7.2,24.8
Pasir Panjang,2018,4,22,0.0,0.0,0.0,0.0,28.1,31.5,26.5,6.5,31.3
Pasir Panjang,2018,4,23,7.6,6.0,7.2,7.6,27.8,31.2,25.5,6.8,31.7
Pasir Panjang,2018,4,24,0.0,0.0,0.0,0.0,28.5,31.3,26.3,10.8,28.8
Pasir Panjang,2018,4,25,0.0,0.0,0.0,0.0,30.2,32.7,27.9,11.2,29.9
Pasir Panjang,2018,4,26,1.6,1.0,1.2,1.4,29.4,31.8,27.5,8.6,36.4
Pasir Panjang,2018,4,27,3.8,1.2,2.0,2.8,27.4,30.5,24.7,7.9,49.3
Pasir Panjang,2018,4,28,0.0,0.0,0.0,0.0,28.7,31.7,26.0,7.9,25.2
Pasir Panjang,2018,4,29,0.0,0.0,0.0,0.0,30.0,32.6,28.0,10.1,26.6
Pasir Panjang,2018,4,30,0.0,0.0,0.0,0.0,29.8,32.8,28.4,10.1,42.5
Pasir Panjang,2018,5,1,42.6,33.8,41.2,41.4,27.8,29.8,24.9,6.5,33.5
Pasir Panjang,2018,5,2,2.0,1.6,1.8,1.8,28.3,31.8,25.9,6.8,26.3
Pasir Panjang,2018,5,3,0.6,0.6,0.6,0.6,28.6,31.4,26.2,6.1,30.2
Pasir Panjang,2018,5,4,0.0,0.0,0.0,0.0,29.3,32.2,27.1,7.6,25.6
Pasir Panjang,2018,5,5,0.0,0.0,0.0,0.0,29.3,31.5,27.2,9.0,29.9
Pasir Panjang,2018,5,6,2.4,2.2,2.2,2.4,29.8,32.6,26.3,8.3,36.7
Pasir Panjang,2018,5,7,0.0,0.0,0.0,0.0,29.8,32.7,27.6,9.0,23.8
Pasir Panjang,2018,5,8,0.0,0.0,0.0,0.0,30.5,33.4,28.6,10.1,25.2
Pasir Panjang,2018,5,9,0.0,0.0,0.0,0.0,30.7,33.7,28.9,11.2,26.6
Pasir Panjang,2018,5,10,0.0,0.0,0.0,0.0,29.8,31.8,27.9,9.7,36.4
Pasir Panjang,2018,5,11,0.0,0.0,0.0,0.0,29.9,32.1,27.7,8.6,43.9
Pasir Panjang,2018,5,12,0.0,0.0,0.0,0.0,30.0,33.0,28.7,9.4,31.0
Pasir Panjang,2018,5,13,2.0,0.6,1.0,1.2,29.0,31.2,26.7,7.6,22.0
Pasir Panjang,2018,5,14,12.0,11.0,12.0,12.0,29.1,31.1,24.8,8.3,36.0
Pasir Panjang,2018,5,15,10.0,6.6,7.4,7.4,29.0,31.5,26.7,7.9,26.6
Pasir Panjang,2018,5,16,5.2,2.0,3.0,4.6,28.0,31.3,26.0,9.0,47.2
Pasir Panjang,2018,5,17,0.0,0.0,0.0,0.0,29.2,31.4,26.8,8.6,27.0
Pasir Panjang,2018,5,18,0.6,0.6,0.6,0.6,28.6,32.0,25.7,7.9,40.7
Pasir Panjang,2018,5,19,18.2,15.0,17.4,18.2,28.0,30.5,25.4,7.2,36.7
Pasir Panjang,2018,5,20,11.2,8.8,9.4,11.2,27.5,29.9,25.7,6.5,23.0
Pasir Panjang,2018,5,21,0.0,0.0,0.0,0.0,28.7,30.5,26.8,7.6,19.8
Pasir Panjang,2018,5,22,0.0,0.0,0.0,0.0,29.4,31.3,28.3,7.6,21.6
Pasir Panjang,2018,5,23,12.2,5.2,5.2,5.2,27.7,29.0,25.2,7.9,32.4
Pasir Panjang,2018,5,24,0.2,0.2,0.2,0.2,29.0,33.0,25.1,12.2,52.2
Pasir Panjang,2018,5,25,5.8,3.2,3.2,3.4,29.0,32.0,27.0,7.2,34.2
Pasir Panjang,2018,5,26,48.6,20.6,31.0,36.6,27.8,31.6,25.1,7.6,39.2
Pasir Panjang,2018,5,27,1.6,0.8,1.4,1.4,27.7,30.2,25.3,10.4,42.5
Pasir Panjang,2018,5,28,19.8,10.4,14.4,19.6,28.1,29.2,24.9,8.6,44.3
Pasir Panjang,2018,5,29,0.4,0.2,0.4,0.4,28.3,31.2,26.5,7.2,30.6
Pasir Panjang,2018,5,30,56.4,19.6,29.6,31.8,28.0,30.4,24.7,6.5,28.4
Pasir Panjang,2018,5,31,0.6,0.4,0.6,0.6,28.3,29.6,26.3,6.5,30.2
Pasir Panjang,2018,6,1,19.2,6.6,8.4,14.4,28.2,30.6,24.9,10.1,49.0
Pasir Panjang,2018,6,2,41.6,24.6,35.4,38.2,27.5,30.4,22.9,7.9,55.8
Pasir Panjang,2018,6,3,1.8,1.8,1.8,1.8,29.4,32.2,27.0,6.5,20.9
Pasir Panjang,2018,6,4,13.8,12.6,13.8,13.8,29.3,31.5,23.5,9.0,55.1
Pasir Panjang,2018,6,5,0.0,0.0,0.0,0.0,30.2,32.5,28.7,9.7,25.6
Pasir Panjang,2018,6,6,0.0,0.0,0.0,0.0,30.4,33.1,28.9,9.4,22.7
Pasir Panjang,2018,6,7,0.0,0.0,0.0,0.0,30.6,32.9,29.2,9.4,24.1
Pasir Panjang,2018,6,8,0.0,0.0,0.0,0.0,29.3,30.9,24.6,9.7,58.7
Pasir Panjang,2018,6,9,0.0,0.0,0.0,0.0,29.9,31.1,29.0,7.9,19.1
Pasir Panjang,2018,6,10,0.0,0.0,0.0,0.0,30.1,31.9,29.0,9.4,26.6
Pasir Panjang,2018,6,11,0.0,0.0,0.0,0.0,30.4,32.7,29.4,9.7,25.2
Pasir Panjang,2018,6,12,3.0,3.0,3.0,3.0,29.9,31.3,26.7,8.6,36.0
Pasir Panjang,2018,6,13,1.4,1.4,1.4,1.4,29.2,31.1,27.1,9.0,24.8
Pasir Panjang,2018,6,14,0.0,0.0,0.0,0.0,29.6,31.8,28.4,7.2,24.8
Pasir Panjang,2018,6,15,2.2,1.0,1.2,1.6,27.7,29.5,24.4,9.4,65.5
Pasir Panjang,2018,6,16,0.0,0.0,0.0,0.0,29.8,32.6,28.0,8.3,31.3
Pasir Panjang,2018,6,17,0.0,0.0,0.0,0.0,30.1,32.4,28.9,9.0,22.7
Pasir Panjang,2018,6,18,0.8,0.6,0.6,0.8,29.0,30.8,26.4,8.6,28.8
Pasir Panjang,2018,6,19,2.2,2.0,2.0,2.0,28.2,30.4,25.0,10.8,67.3
Pasir Panjang,2018,6,20,24.2,9.8,15.6,22.8,27.4,30.0,23.6,8.3,73.4
Pasir Panjang,2018,6,21,0.0,0.0,0.0,0.0,28.7,31.6,26.5,7.2,24.8
Pasir Panjang,2018,6,22,0.0,0.0,0.0,0.0,28.9,31.6,27.1,8.3,25.2
Pasir Panjang,2018,6,23,0.0,0.0,0.0,0.0,28.0,30.1,26.3,8.6,32.8
Pasir Panjang,2018,6,24,6.4,5.8,6.2,6.2,27.0,28.6,24.0,11.9,57.2
Pasir Panjang,2018,6,25,29.6,21.4,27.2,29.0,26.8,28.1,23.0,8.6,65.9
Pasir Panjang,2018,6,26,11.8,10.8,11.4,11.6,27.4,28.4,24.0,7.6,31.3
Pasir Panjang,2018,6,27,27.2,14.6,23.4,25.2,26.5,28.3,23.4,11.2,49.7
Pasir Panjang,2018,6,28,0.0,0.0,0.0,0.0,28.1,30.3,26.6,10.8,28.8
Pasir Panjang,2018,6,29,54.0,37.2,48.4,51.4,26.7,28.2,23.1,7.9,32.0
Pasir Panjang,2018,6,30,0.6,0.6,0.6,0.6,28.5,30.2,27.3,9.0,24.5
Pasir Panjang,2018,7,1,0.6,0.2,0.4,0.4,27.6,29.5,26.5,9.4,46.8
Pasir Panjang,2018,7,2,0.4,0.4,0.4,0.4,27.8,29.1,26.6,8.6,27.0
Pasir Panjang,2018,7,3,1.6,0.8,1.0,1.4,28.0,29.6,24.5,7.9,54.7
Pasir Panjang,2018,7,4,0.0,0.0,0.0,0.0,29.0,31.4,27.1,9.0,25.2
Pasir Panjang,2018,7,5,0.0,0.0,0.0,0.0,29.3,31.6,27.8,9.7,30.6
Pasir Panjang,2018,7,6,0.0,0.0,0.0,0.0,29.3,32.1,28.1,10.1,26.3
Pasir Panjang,2018,7,7,0.0,0.0,0.0,0.0,29.1,31.2,28.2,9.7,26.3
Pasir Panjang,2018,7,8,0.0,0.0,0.0,0.0,29.0,30.9,28.0,10.4,34.9
Pasir Panjang,2018,7,9,0.0,0.0,0.0,0.0,29.0,31.0,25.7,9.7,30.6
Pasir Panjang,2018,7,10,11.8,5.8,10.0,11.6,27.2,29.0,23.7,13.3,54.4
Pasir Panjang,2018,7,11,0.0,0.0,0.0,0.0,28.6,31.0,27.3,9.0,27.0
Pasir Panjang,2018,7,12,0.0,0.0,0.0,0.0,29.4,31.9,28.1,10.1,23.4
Pasir Panjang,2018,7,13,0.0,0.0,0.0,0.0,29.2,31.4,28.0,11.2,29.2
Pasir Panjang,2018,7,14,0.0,0.0,0.0,0.0,29.1,31.1,26.3,10.4,46.8
Pasir Panjang,2018,7,15,2.4,0.8,1.2,1.6,27.8,30.4,23.3,11.2,62.6
Pasir Panjang,2018,7,16,0.0,0.0,0.0,0.0,29.1,31.5,27.9,10.8,31.0
Pasir Panjang,2018,7,17,0.0,0.0,0.0,0.0,29.4,31.3,28.0,10.8,27.4
Pasir Panjang,2018,7,18,0.0,0.0,0.0,0.0,29.5,31.4,28.5,10.1,27.0
Pasir Panjang,2018,7,19,9.0,8.2,8.8,9.0,28.7,31.1,24.1,10.1,72.4
Pasir Panjang,2018,7,20,10.8,10.4,10.8,10.8,29.3,31.4,26.0,9.7,56.5
Pasir Panjang,2018,7,21,2.6,2.4,2.4,2.4,28.8,29.8,26.0,9.4,52.2
Pasir Panjang,2018,7,22,0.0,0.0,0.0,0.0,29.3,31.4,28.1,9.7,36.7
Pasir Panjang,2018,7,23,0.0,0.0,0.0,0.0,29.8,32.9,28.3,10.1,25.2
Pasir Panjang,2018,7,24,0.0,0.0,0.0,0.0,29.8,32.3,28.4,11.2,29.2
Pasir Panjang,2018,7,25,0.4,0.2,0.2,0.4,27.6,29.7,24.8,10.4,52.9
Pasir Panjang,2018,7,26,0.0,0.0,0.0,0.0,28.9,31.9,26.7,8.6,27.7
Pasir Panjang,2018,7,27,0.0,0.0,0.0,0.0,29.4,31.7,27.8,11.2,25.9
Pasir Panjang,2018,7,28,0.0,0.0,0.0,0.0,29.7,32.5,28.1,10.4,26.3
Pasir Panjang,2018,7,29,8.4,8.4,8.4,8.4,29.2,32.0,24.7,9.4,44.6
Pasir Panjang,2018,7,30,3.6,1.4,2.6,2.8,27.2,28.7,24.5,12.2,56.5
Pasir Panjang,2018,7,31,0.0,0.0,0.0,0.0,27.8,30.3,26.8,7.6,28.4
Pasir Panjang,2018,8,1,0.4,0.2,0.2,0.4,26.9,28.2,26.0,7.9,24.8
Pasir Panjang,2018,8,2,0.0,0.0,0.0,0.0,28.1,30.5,26.3,11.2,40.3
Pasir Panjang,2018,8,3,0.0,0.0,0.0,0.0,29.1,31.1,27.7,9.7,29.5
Pasir Panjang,2018,8,4,4.6,4.6,4.6,4.6,28.7,30.7,26.4,10.1,33.8
Pasir Panjang,2018,8,5,2.8,2.8,2.8,2.8,28.6,30.1,26.9,10.1,30.6
Pasir Panjang,2018,8,6,0.0,0.0,0.0,0.0,28.6,30.9,27.2,10.8,33.8
Pasir Panjang,2018,8,7,0.0,0.0,0.0,0.0,28.6,31.1,26.4,11.5,37.8
Pasir Panjang,2018,8,8,0.0,0.0,0.0,0.0,27.7,29.3,23.6,10.1,78.1
Pasir Panjang,2018,8,9,0.0,0.0,0.0,0.0,28.9,31.2,27.9,9.0,27.4
Pasir Panjang,2018,8,10,0.0,0.0,0.0,0.0,29.4,31.7,28.2,9.4,27.4
Pasir Panjang,2018,8,11,0.0,0.0,0.0,0.0,29.2,31.5,27.9,10.4,36.4
Pasir Panjang,2018,8,12,0.0,0.0,0.0,0.0,29.5,32.4,27.9,9.7,21.6
Pasir Panjang,2018,8,13,0.0,0.0,0.0,0.0,29.7,33.6,28.0,10.8,28.1
Pasir Panjang,2018,8,14,0.0,0.0,0.0,0.0,29.9,33.5,28.3,10.4,34.2
Pasir Panjang,2018,8,15,0.0,0.0,0.0,0.0,29.7,32.1,28.4,12.2,28.1
Pasir Panjang,2018,8,16,0.0,0.0,0.0,0.0,29.5,32.4,28.2,11.2,24.8
Pasir Panjang,2018,8,17,3.2,3.2,3.2,3.2,28.6,29.7,24.1,11.5,64.4
Pasir Panjang,2018,8,18,0.0,0.0,0.0,0.0,29.2,32.3,27.0,11.5,35.3
Pasir Panjang,2018,8,19,1.2,1.2,1.2,1.2,29.5,31.2,28.2,12.2,31.3
Pasir Panjang,2018,8,20,0.0,0.0,0.0,0.0,29.9,32.8,28.1,11.5,25.9
Pasir Panjang,2018,8,21,0.0,0.0,0.0,0.0,29.6,32.0,28.3,11.2,30.2
Pasir Panjang,2018,8,22,7.6,3.2,3.4,3.6,28.0,29.3,25.1,8.6,49.0
Pasir Panjang,2018,8,23,0.0,0.0,0.0,0.0,28.9,30.4,27.6,11.5,49.0
Pasir Panjang,2018,8,24,6.0,5.4,5.6,5.6,27.9,30.1,24.4,8.3,39.6
Pasir Panjang,2018,8,25,0.0,0.0,0.0,0.0,27.8,30.2,25.9,10.8,46.1
Pasir Panjang,2018,8,26,0.0,0.0,0.0,0.0,29.4,32.6,27.6,9.4,25.2
Pasir Panjang,2018,8,27,0.0,0.0,0.0,0.0,29.6,32.2,28.1,11.9,28.8
Pasir Panjang,2018,8,28,0.0,0.0,0.0,0.0,29.0,30.7,28.0,8.3,36.7
Pasir Panjang,2018,8,29,0.0,0.0,0.0,0.0,28.6,30.3,27.7,8.6,24.1
Pasir Panjang,2018,8,30,0.0,0.0,0.0,0.0,28.9,31.3,26.7,9.4,29.5
Pasir Panjang,2018,8,31,28.8,14.0,15.6,28.6,27.9,30.5,24.7,9.7,48.6
Pasir Panjang,2018,9,1,0.0,0.0,0.0,0.0,28.2,30.3,25.9,8.6,22.0
Pasir Panjang,2018,9,2,20.0,12.8,14.6,19.6,27.5,28.8,24.2,6.8,52.9
Pasir Panjang,2018,9,3,0.2,0.2,0.2,0.2,28.2,30.3,25.6,9.0,37.8
Pasir Panjang,2018,9,4,8.8,5.0,6.8,8.4,26.6,28.5,23.0,10.1,83.2
Pasir Panjang,2018,9,5,0.0,0.0,0.0,0.0,27.8,30.3,25.7,8.3,30.6
Pasir Panjang,2018,9,6,0.0,0.0,0.0,0.0,28.7,30.8,27.3,8.6,28.1
Pasir Panjang,2018,9,7,11.8,6.0,7.0,7.8,27.6,29.1,25.5,7.6,33.5
Pasir Panjang,2018,9,8,22.0,7.6,11.6,16.2,27.0,28.4,23.6,8.6,64.1
Pasir Panjang,2018,9,9,0.2,0.2,0.2,0.2,28.0,29.5,26.7,8.6,45.7
Pasir Panjang,2018,9,10,2.6,1.2,1.4,1.4,28.0,29.5,24.9,9.0,38.9
Pasir Panjang,2018,9,11,1.0,0.8,0.8,1.0,27.1,28.5,25.5,7.6,31.7
Pasir Panjang,2018,9,12,6.8,6.2,6.2,6.2,27.9,29.7,25.7,9.7,35.3
Pasir Panjang,2018,9,13,0.0,0.0,0.0,0.0,29.3,31.7,27.6,9.4,27.7
Pasir Panjang,2018,9,14,0.0,0.0,0.0,0.0,29.3,32.8,27.8,10.4,25.2
Pasir Panjang,2018,9,15,0.0,0.0,0.0,0.0,29.0,30.6,28.2,9.4,28.4
Pasir Panjang,2018,9,16,0.0,0.0,0.0,0.0,28.9,30.1,28.0,11.2,29.2
Pasir Panjang,2018,9,17,0.0,0.0,0.0,0.0,29.2,31.5,27.9,10.4,24.5
Pasir Panjang,2018,9,18,0.2,0.2,0.2,0.2,28.1,30.5,26.7,9.0,46.8
Pasir Panjang,2018,9,19,28.6,11.6,16.0,22.8,27.0,31.0,23.7,8.3,33.8
Pasir Panjang,2018,9,20,6.6,4.0,4.0,4.4,26.7,29.6,23.4,9.4,55.1
Pasir Panjang,2018,9,21,9.2,7.2,8.8,9.0,26.4,28.7,23.4,9.7,45.4
Pasir Panjang,2018,9,22,7.2,7.0,7.0,7.0,28.0,30.5,25.8,9.7,33.1
Pasir Panjang,2018,9,23,0.0,0.0,0.0,0.0,29.0,31.5,26.4,9.0,25.9
Pasir Panjang,2018,9,24,0.0,0.0,0.0,0.0,29.4,32.0,27.7,8.6,23.0
Pasir Panjang,2018,9,25,0.0,0.0,0.0,0.0,29.6,32.9,27.9,9.4,24.5
Pasir Panjang,2018,9,26,0.0,0.0,0.0,0.0,29.4,32.3,27.9,9.4,27.4
Pasir Panjang,2018,9,27,0.0,0.0,0.0,0.0,29.6,32.0,28.0,9.4,24.5
Pasir Panjang,2018,9,28,0.0,0.0,0.0,0.0,29.8,33.0,28.1,9.4,24.5
Pasir Panjang,2018,9,29,0.0,0.0,0.0,0.0,29.6,32.1,28.0,10.4,26.6
Pasir Panjang,2018,9,30,0.0,0.0,0.0,0.0,29.8,32.8,28.0,10.8,30.6
Pasir Panjang,2018,10,1,0.0,0.0,0.0,0.0,29.8,32.7,28.1,10.1,27.4
Pasir Panjang,2018,10,2,0.0,0.0,0.0,0.0,29.7,32.0,28.0,8.6,22.7
Pasir Panjang,2018,10,3,0.0,0.0,0.0,0.0,29.7,31.6,28.1,9.7,26.3
Pasir Panjang,2018,10,4,0.0,0.0,0.0,0.0,30.2,33.1,28.6,10.8,28.4
Pasir Panjang,2018,10,5,0.0,0.0,0.0,0.0,30.1,32.9,28.3,10.1,27.7
Pasir Panjang,2018,10,6,9.0,8.8,8.8,8.8,28.6,31.0,26.4,8.3,35.6
Pasir Panjang,2018,10,7,0.0,0.0,0.0,0.0,28.0,30.6,26.4,7.9,29.5
Pasir Panjang,2018,10,8,6.6,4.0,5.4,5.6,27.2,30.1,25.4,7.6,37.8
Pasir Panjang,2018,10,9,22.6,6.2,10.2,15.0,26.7,28.9,24.4,7.6,30.2
Pasir Panjang,2018,10,10,29.0,19.6,20.2,20.4,26.5,29.7,24.2,9.7,58.3
Pasir Panjang,2018,10,11,22.2,13.0,18.6,21.6,26.9,30.7,24.1,10.4,65.2
Pasir Panjang,2018,10,12,2.6,1.6,2.0,2.0,27.1,28.7,25.4,14.4,46.8
Pasir Panjang,2018,10,13,22.6,10.2,12.0,13.6,27.0,28.8,24.0,9.4,41.8
Pasir Panjang,2018,10,14,10.4,7.8,8.2,9.4,25.9,27.1,23.7,11.9,59.8
Pasir Panjang,2018,10,15,0.0,0.0,0.0,0.0,28.3,31.2,25.6,8.6,23.8
Pasir Panjang,2018,10,16,0.0,0.0,0.0,0.0,27.9,31.6,26.6,9.4,46.4
Pasir Panjang,2018,10,17,1.4,1.0,1.2,1.2,28.0,29.9,26.3,11.2,44.6
Pasir Panjang,2018,10,18,1.8,0.6,0.6,0.6,27.0,28.6,23.9,14.8,54.4
Pasir Panjang,2018,10,19,2.0,1.0,1.2,1.6,28.1,30.7,24.9,13.3,57.2
Pasir Panjang,2018,10,20,0.0,0.0,0.0,0.0,29.1,30.5,27.7,12.2,30.6
Pasir Panjang,2018,10,21,0.0,0.0,0.0,0.0,29.4,32.3,27.8,8.3,25.6
Pasir Panjang,2018,10,22,0.0,0.0,0.0,0.0,29.2,32.7,26.3,9.7,30.2
Pasir Panjang,2018,10,23,4.0,2.2,2.6,2.8,27.8,30.9,24.7,9.7,51.5
Pasir Panjang,2018,10,24,0.0,0.0,0.0,0.0,28.1,30.1,26.5,13.3,42.1
Pasir Panjang,2018,10,25,0.0,0.0,0.0,0.0,28.0,29.8,26.6,9.0,29.9
Pasir Panjang,2018,10,26,0.0,0.0,0.0,0.0,28.8,31.6,26.9,9.0,27.0
Pasir Panjang,2018,10,27,0.0,0.0,0.0,0.0,28.4,32.4,26.9,8.3,43.2
Pasir Panjang,2018,10,28,10.0,9.8,10.0,10.0,28.0,30.1,26.9,8.3,27.0
Pasir Panjang,2018,10,29,9.6,6.0,8.6,9.6,27.9,31.7,25.8,9.4,37.4
Pasir Panjang,2018,10,30,14.8,10.0,13.4,14.0,27.8,32.4,25.6,9.4,42.1
Pasir Panjang,2018,10,31,0.2,0.2,0.2,0.2,27.9,31.0,25.9,10.1,29.2
Pasir Panjang,2018,11,1,3.4,1.0,2.0,3.0,27.0,29.1,25.2,9.0,30.2
Pasir Panjang,2018,11,2,7.4,7.0,7.4,7.4,27.5,30.8,24.8,8.3,34.2
Pasir Panjang,2018,11,3,13.6,12.8,12.8,12.8,27.5,28.8,25.3,9.4,27.7
Pasir Panjang,2018,11,4,5.8,3.4,3.6,5.2,27.6,32.0,26.2,9.0,28.1
Pasir Panjang,2018,11,5,0.2,0.2,0.2,0.2,27.6,30.1,26.3,10.8,30.6
Pasir Panjang,2018,11,6,0.4,0.2,0.2,0.4,27.6,31.4,25.6,14.4,45.4
Pasir Panjang,2018,11,7,0.0,0.0,0.0,0.0,28.3,30.9,25.9,11.9,32.4
Pasir Panjang,2018,11,8,24.0,9.6,10.2,13.0,28.3,32.1,24.8,12.6,41.0
Pasir Panjang,2018,11,9,13.0,6.2,11.2,12.6,27.3,28.5,24.9,7.6,44.6
Pasir Panjang,2018,11,10,35.8,32.4,33.4,33.6,27.6,30.5,24.4,9.7,50.0
Pasir Panjang,2018,11,11,33.2,23.0,28.4,31.6,26.8,30.8,24.0,9.0,38.2
Pasir Panjang,2018,11,12,2.2,2.0,2.2,2.2,27.6,30.5,25.6,10.1,30.2
Pasir Panjang,2018,11,13,0.6,0.2,0.4,0.4,27.6,30.0,25.5,10.4,33.8
Pasir Panjang,2018,11,14,24.2,11.6,16.4,19.8,28.0,30.3,25.2,7.9,40.3
Pasir Panjang,2018,11,15,12.2,6.6,8.8,10.6,26.6,29.5,24.0,9.4,64.1
Pasir Panjang,2018,11,16,0.0,0.0,0.0,0.0,28.3,31.5,25.8,7.6,21.6
Pasir Panjang,2018,11,17,7.0,6.0,6.6,6.8,28.1,30.4,23.4,7.9,54.4
Pasir Panjang,2018,11,18,4.2,1.4,1.6,2.4,27.4,29.4,24.7,7.2,30.6
Pasir Panjang,2018,11,19,1.2,0.4,0.8,1.0,27.5,30.3,25.4,10.1,31.3
Pasir Panjang,2018,11,20,11.4,10.4,11.2,11.2,28.3,30.2,25.1,12.6,34.6
Pasir Panjang,2018,11,21,20.8,9.2,10.8,14.6,27.0,29.8,23.2,18.0,74.9
Pasir Panjang,2018,11,22,57.4,34.6,51.4,56.6,27.3,29.9,22.8,9.7,34.6
Pasir Panjang,2018,11,23,33.4,23.4,26.4,33.4,27.8,32.6,24.6,8.3,27.0
Pasir Panjang,2018,11,24,0.0,0.0,0.0,0.0,28.5,31.5,25.2,11.5,36.7
Pasir Panjang,2018,11,25,4.0,4.0,4.0,4.0,28.4,30.3,25.5,10.4,35.3
Pasir Panjang,2018,11,26,16.6,11.8,13.0,16.0,28.2,30.9,22.9,10.4,85.0
Pasir Panjang,2018,11,27,1.0,0.8,0.8,1.0,27.3,28.8,24.1,11.9,55.4
Pasir Panjang,2018,11,28,29.6,24.4,29.4,29.4,28.0,32.3,24.3,8.6,47.9
Pasir Panjang,2018,11,29,0.4,0.4,0.4,0.4,28.3,31.7,26.8,10.4,36.7
Pasir Panjang,2018,11,30,1.6,0.6,0.6,0.8,27.9,30.4,26.4,13.7,48.2
Pasir Panjang,2018,12,1,9.0,3.2,3.4,4.6,27.4,31.0,25.4,14.0,53.3
Pasir Panjang,2018,12,2,3.8,3.2,3.2,3.2,27.1,32.4,25.5,14.4,41.8
Pasir Panjang,2018,12,3,4.2,2.4,2.4,2.8,27.1,30.6,25.6,10.8,32.8
Pasir Panjang,2018,12,4,1.0,0.6,0.6,0.6,28.3,31.8,26.0,8.6,24.1
Pasir Panjang,2018,12,5,19.6,14.2,17.0,17.4,27.5,31.4,24.9,10.8,40.7
Pasir Panjang,2018,12,6,23.8,20.8,22.8,23.4,27.1,29.9,24.0,11.5,47.5
Pasir Panjang,2018,12,7,2.2,2.2,2.2,2.2,27.7,30.8,25.4,10.1,40.3
Pasir Panjang,2018,12,8,11.2,9.0,9.0,9.0,27.4,31.0,24.6,10.4,43.9
Pasir Panjang,2018,12,9,37.0,31.0,35.4,36.8,27.9,31.9,24.8,8.6,42.5
Pasir Panjang,2018,12,10,13.4,9.2,13.4,13.4,27.7,31.3,25.0,10.1,31.7
Pasir Panjang,2018,12,11,20.2,6.4,11.8,17.0,26.7,29.5,24.1,13.3,60.1
Pasir Panjang,2018,12,12,11.4,7.2,8.8,10.8,27.0,31.0,24.9,11.2,38.9
Pasir Panjang,2018,12,13,0.2,0.2,0.2,0.2,26.8,29.0,25.9,13.0,40.7
Pasir Panjang,2018,12,14,1.2,1.2,1.2,1.2,27.4,29.6,25.5,13.0,34.6
Pasir Panjang,2018,12,15,45.0,30.4,38.4,40.8,27.0,30.9,23.6,12.6,55.4
Pasir Panjang,2018,12,16,15.4,11.2,12.8,14.4,26.9,31.0,24.8,11.2,32.4
Pasir Panjang,2018,12,17,0.2,0.2,0.2,0.2,27.5,30.5,25.2,9.4,35.3
Pasir Panjang,2018,12,18,0.0,0.0,0.0,0.0,28.7,31.8,26.6,9.4,24.1
Pasir Panjang,2018,12,19,0.0,0.0,0.0,0.0,28.8,31.7,26.9,9.0,27.7
Pasir Panjang,2018,12,20,0.0,0.0,0.0,0.0,28.4,32.4,26.2,11.9,31.7
Pasir Panjang,2018,12,21,0.0,0.0,0.0,0.0,28.6,33.0,26.7,13.7,45.7
Pasir Panjang,2018,12,22,0.0,0.0,0.0,0.0,28.6,32.9,26.7,13.3,45.7
Pasir Panjang,2018,12,23,0.4,0.2,0.2,0.2,28.3,32.2,26.6,9.7,32.4
Pasir Panjang,2018,12,24,0.0,0.0,0.0,0.0,28.9,32.0,26.7,11.2,36.0
Pasir Panjang,2018,12,25,0.0,0.0,0.0,0.0,29.1,31.2,26.8,15.1,46.8
Pasir Panjang,2018,12,26,4.2,3.2,3.8,4.2,28.4,31.2,23.5,21.6,77.4
Pasir Panjang,2018,12,27,0.0,0.0,0.0,0.0,28.1,29.9,26.3,16.6,48.6
Pasir Panjang,2018,12,28,0.0,0.0,0.0,0.0,29.3,31.5,27.5,17.6,53.6
Pasir Panjang,2018,12,29,0.0,0.0,0.0,0.0,28.4,30.2,25.9,14.0,37.4
Pasir Panjang,2018,12,30,5.2,5.2,5.2,5.2,28.9,32.6,26.4,16.6,48.2
Pasir Panjang,2018,12,31,23.2,19.8,21.0,23.0,27.8,31.9,24.2,15.8,52.6
Pasir Panjang,2019,1,1,26.6,19.0,25.2,26.4,28.2,33.1,23.2,15.1,59.8
Pasir Panjang,2019,1,2,0.0,0.0,0.0,0.0,28.7,31.1,26.5,18.7,48.6
Pasir Panjang,2019,1,3,0.0,0.0,0.0,0.0,28.9,31.0,26.7,26.3,68.4
Pasir Panjang,2019,1,4,0.0,0.0,0.0,0.0,29.2,31.2,27.1,22.0,54.7
Pasir Panjang,2019,1,5,0.0,0.0,0.0,0.0,29.0,32.3,27.4,10.8,29.9
Pasir Panjang,2019,1,6,0.0,0.0,0.0,0.0,29.0,32.7,27.0,15.1,41.4
Pasir Panjang,2019,1,7,0.0,0.0,0.0,0.0,29.1,32.7,26.8,15.1,42.5
Pasir Panjang,2019,1,8,8.4,6.8,6.8,6.8,28.0,31.5,26.3,13.0,50.0
Pasir Panjang,2019,1,9,0.2,0.2,0.2,0.2,28.6,31.9,26.5,13.7,38.5
Pasir Panjang,2019,1,10,0.0,0.0,0.0,0.0,28.9,32.7,26.6,15.5,47.2
Pasir Panjang,2019,1,11,0.0,0.0,0.0,0.0,28.6,32.5,26.1,15.5,41.4
Pasir Panjang,2019,1,12,0.0,0.0,0.0,0.0,28.5,33.3,26.2,13.7,34.9
Pasir Panjang,2019,1,13,19.4,17.4,19.2,19.4,27.9,32.4,24.5,14.0,54.7
Pasir Panjang,2019,1,14,0.0,0.0,0.0,0.0,28.3,31.4,26.3,14.0,38.2
Pasir Panjang,2019,1,15,0.0,0.0,0.0,0.0,28.7,32.1,26.2,15.1,38.9
Pasir Panjang,2019,1,16,0.0,0.0,0.0,0.0,28.6,31.8,26.1,16.9,40.0
Pasir Panjang,2019,1,17,2.6,1.2,1.4,1.8,26.9,30.8,25.4,17.3,49.0
Pasir Panjang,2019,1,18,15.0,2.6,4.2,7.0,26.3,28.7,24.1,15.8,40.3
Pasir Panjang,2019,1,19,0.0,0.0,0.0,0.0,27.8,31.2,25.3,15.5,41.4
Pasir Panjang,2019,1,20,0.4,0.2,0.4,0.4,28.4,32.7,25.9,15.1,43.2
Pasir Panjang,2019,1,21,0.0,0.0,0.0,0.0,28.4,31.7,26.1,18.0,43.2
Pasir Panjang,2019,1,22,0.0,0.0,0.0,0.0,28.0,30.6,25.9,19.8,46.8
Pasir Panjang,2019,1,23,0.6,0.4,0.6,0.6,28.2,31.7,26.5,18.7,59.4
Pasir Panjang,2019,1,25,0.4,0.4,0.4,0.4,27.4,29.9,25.8,16.6,43.2
Pasir Panjang,2019,1,26,0.0,0.0,0.0,0.0,27.5,30.6,25.6,18.4,46.4
Pasir Panjang,2019,1,27,0.0,0.0,0.0,0.0,28.0,30.9,26.2,18.0,46.8
Pasir Panjang,2019,1,28,1.2,1.2,1.2,1.2,27.1,29.2,25.8,17.3,52.6
Pasir Panjang,2019,1,29,0.0,0.0,0.0,0.0,28.1,31.6,26.1,17.3,47.2
Pasir Panjang,2019,1,30,0.0,0.0,0.0,0.0,28.3,31.7,26.3,16.2,42.8
Pasir Panjang,2019,1,31,0.0,0.0,0.0,0.0,28.1,31.9,26.3,13.7,34.6
Pasir Panjang,2019,2,1,0.0,0.0,0.0,0.0,28.5,32.5,26.0,16.6,46.4
Pasir Panjang,2019,2,2,0.0,0.0,0.0,0.0,28.6,32.7,26.3,13.3,36.7
Pasir Panjang,2019,2,3,0.0,0.0,0.0,0.0,28.7,32.5,26.3,14.0,38.5
Pasir Panjang,2019,2,4,19.2,12.4,15.0,17.2,27.6,32.6,24.9,13.7,54.7
Pasir Panjang,2019,2,5,0.0,0.0,0.0,0.0,27.8,31.5,25.8,13.7,34.2
Pasir Panjang,2019,2,6,0.0,0.0,0.0,0.0,28.2,32.9,25.2,14.0,34.9
Pasir Panjang,2019,2,7,0.0,0.0,0.0,0.0,28.0,32.2,25.6,13.7,33.1
Pasir Panjang,2019,2,8,1.6,1.4,1.6,1.6,28.4,33.1,25.9,13.3,33.5
Pasir Panjang,2019,2,9,0.0,0.0,0.0,0.0,28.9,32.2,26.5,11.9,35.6
Pasir Panjang,2019,2,10,1.4,1.4,1.4,1.4,28.6,33.0,26.7,15.1,40.0
Pasir Panjang,2019,2,11,0.0,0.0,0.0,0.0,28.1,31.7,25.7,17.3,45.7
Pasir Panjang,2019,2,12,0.0,0.0,0.0,0.0,28.8,33.2,26.0,16.2,37.8
Pasir Panjang,2019,2,13,0.0,0.0,0.0,0.0,28.8,32.5,26.8,16.9,48.2
Pasir Panjang,2019,2,14,0.0,0.0,0.0,0.0,28.9,32.6,27.2,17.3,46.8
Pasir Panjang,2019,2,15,0.0,0.0,0.0,0.0,28.3,31.7,26.3,15.5,38.9
Pasir Panjang,2019,2,16,0.0,0.0,0.0,0.0,28.3,33.2,25.9,15.1,38.9
Pasir Panjang,2019,2,17,1.4,1.4,1.4,1.4,27.9,31.9,25.5,11.2,34.6
Pasir Panjang,2019,2,18,10.4,9.8,10.2,10.4,27.4,30.7,22.9,9.4,52.6
Pasir Panjang,2019,2,19,7.8,7.4,7.4,7.4,27.9,31.0,26.7,9.4,40.0
Pasir Panjang,2019,2,20,0.0,0.0,0.0,0.0,28.4,31.9,26.4,10.8,30.6
Pasir Panjang,2019,2,21,0.0,0.0,0.0,0.0,28.8,32.9,26.0,14.8,40.3
Pasir Panjang,2019,2,22,0.0,0.0,0.0,0.0,28.6,33.4,26.4,13.0,37.1
Pasir Panjang,2019,2,23,0.0,0.0,0.0,0.0,28.4,32.0,26.0,12.2,33.8
Pasir Panjang,2019,2,24,0.0,0.0,0.0,0.0,28.2,32.6,26.0,12.6,31.3
Pasir Panjang,2019,2,25,0.0,0.0,0.0,0.0,29.0,33.2,26.2,12.6,34.9
Pasir Panjang,2019,2,26,0.0,0.0,0.0,0.0,28.8,31.9,26.9,15.1,42.1
Pasir Panjang,2019,2,27,0.2,0.2,0.2,0.2,28.5,32.8,26.8,15.8,45.4
Pasir Panjang,2019,2,28,0.0,0.0,0.0,0.0,28.6,32.3,26.7,13.3,41.8
Pasir Panjang,2019,3,1,0.0,0.0,0.0,0.0,28.7,32.3,26.5,15.8,44.3
Pasir Panjang,2019,3,2,0.0,0.0,0.0,0.0,28.6,34.0,26.3,13.7,39.2
Pasir Panjang,2019,3,3,0.0,0.0,0.0,0.0,28.4,32.2,25.6,12.6,32.0
Pasir Panjang,2019,3,4,0.0,0.0,0.0,0.0,28.0,32.3,25.7,11.5,29.2
Pasir Panjang,2019,3,5,0.0,0.0,0.0,0.0,28.6,32.2,26.0,10.8,29.9
Pasir Panjang,2019,3,6,0.0,0.0,0.0,0.0,29.1,32.2,27.3,13.3,37.1
Pasir Panjang,2019,3,7,0.0,0.0,0.0,0.0,29.3,32.4,27.7,10.1,29.2
Pasir Panjang,2019,3,8,0.0,0.0,0.0,0.0,29.3,32.5,27.3,11.2,29.9
Pasir Panjang,2019,3,9,0.2,0.2,0.2,0.2,29.5,33.9,27.4,10.1,31.0
Pasir Panjang,2019,3,10,0.0,0.0,0.0,0.0,29.2,33.5,27.3,9.4,27.4
Pasir Panjang,2019,3,11,21.4,14.2,19.8,20.8,27.5,32.1,23.8,11.2,58.3
Pasir Panjang,2019,3,12,0.2,0.2,0.2,0.2,28.6,32.8,25.6,13.7,44.3
Pasir Panjang,2019,3,13,0.8,0.6,0.8,0.8,29.1,33.2,27.1,13.3,44.3
Pasir Panjang,2019,3,14,0.0,0.0,0.0,0.0,29.2,33.6,26.4,14.4,36.4
Pasir Panjang,2019,3,15,0.0,0.0,0.0,0.0,29.0,32.4,26.3,13.3,33.5
Pasir Panjang,2019,3,16,6.8,6.0,6.8,6.8,28.3,32.7,25.9,16.2,56.2
Pasir Panjang,2019,3,17,0.0,0.0,0.0,0.0,28.9,33.0,26.4,14.0,36.0
Pasir Panjang,2019,3,18,0.0,0.0,0.0,0.0,29.2,34.2,26.0,14.0,36.0
Pasir Panjang,2019,3,19,0.0,0.0,0.0,0.0,29.2,33.6,26.5,11.9,35.6
Pasir Panjang,2019,3,20,0.0,0.0,0.0,0.0,29.3,32.2,27.0,13.0,37.4
Pasir Panjang,2019,3,21,43.8,33.0,37.0,42.4,28.0,34.1,24.2,14.4,59.0
Pasir Panjang,2019,3,22,0.0,0.0,0.0,0.0,28.9,32.6,26.4,13.0,31.7
Pasir Panjang,2019,3,23,0.0,0.0,0.0,0.0,29.4,32.0,27.4,9.7,24.8
Pasir Panjang,2019,3,24,0.0,0.0,0.0,0.0,29.1,32.6,27.4,11.2,45.7
Pasir Panjang,2019,3,25,1.0,1.0,1.0,1.0,29.0,33.0,26.9,11.5,39.2
Pasir Panjang,2019,3,26,0.0,0.0,0.0,0.0,30.0,33.8,27.6,12.6,36.4
Pasir Panjang,2019,3,27,0.0,0.0,0.0,0.0,30.2,34.6,27.5,14.8,36.0
Pasir Panjang,2019,3,28,0.4,0.4,0.4,0.4,28.5,32.6,25.8,11.2,36.7
Pasir Panjang,2019,3,29,0.0,0.0,0.0,0.0,29.6,32.9,27.0,8.6,24.5
Pasir Panjang,2019,3,30,5.4,4.6,4.6,4.8,27.7,29.4,24.3,9.4,68.0
Pasir Panjang,2019,3,31,0.0,0.0,0.0,0.0,29.0,30.5,27.4,9.0,28.1
Pasir Panjang,2019,4,1,14.2,5.0,6.8,7.4,27.7,30.3,24.5,14.8,68.0
Pasir Panjang,2019,4,2,0.0,0.0,0.0,0.0,28.6,30.8,27.4,11.5,28.1
Pasir Panjang,2019,4,3,28.8,17.4,23.2,25.8,27.5,30.6,22.3,12.2,75.6
Pasir Panjang,2019,4,4,3.8,2.4,2.6,2.6,28.9,33.5,26.7,12.6,35.6
Pasir Panjang,2019,4,5,6.0,5.8,6.0,6.0,28.6,32.8,26.2,12.2,43.9
Pasir Panjang,2019,4,6,0.0,0.0,0.0,0.0,28.8,32.1,26.3,11.9,28.4
Pasir Panjang,2019,4,7,0.0,0.0,0.0,0.0,29.0,32.0,26.5,10.8,25.9
Pasir Panjang,2019,4,8,0.0,0.0,0.0,0.0,29.6,34.3,27.1,13.3,34.2
Pasir Panjang,2019,4,9,10.8,9.0,10.6,10.8,29.0,33.3,27.7,11.9,32.0
Pasir Panjang,2019,4,10,3.2,2.2,2.4,2.4,28.7,31.8,27.5,10.8,47.2
Pasir Panjang,2019,4,11,7.6,7.4,7.6,7.6,28.2,30.1,26.3,8.3,32.8
Pasir Panjang,2019,4,12,0.0,0.0,0.0,0.0,29.0,32.2,27.0,10.4,51.8
Pasir Panjang,2019,4,13,0.0,0.0,0.0,0.0,29.5,32.8,26.6,8.3,43.6
Pasir Panjang,2019,4,14,0.0,0.0,0.0,0.0,29.3,31.8,27.9,9.0,31.0
Pasir Panjang,2019,4,15,0.0,0.0,0.0,0.0,29.9,33.9,27.4,9.7,28.4
Pasir Panjang,2019,4,16,0.4,0.4,0.4,0.4,30.6,33.3,28.3,8.6,22.3
Pasir Panjang,2019,4,17,0.0,0.0,0.0,0.0,30.1,33.2,27.1,9.7,33.1
Pasir Panjang,2019,4,18,0.0,0.0,0.0,0.0,30.3,34.1,28.3,8.6,24.8
Pasir Panjang,2019,4,19,0.2,0.2,0.2,0.2,29.6,33.2,27.3,9.7,41.0
Pasir Panjang,2019,4,20,3.4,3.2,3.2,3.4,28.8,30.0,25.2,9.4,54.7
Pasir Panjang,2019,4,21,0.0,0.0,0.0,0.0,29.8,32.1,27.9,7.9,26.6
Pasir Panjang,2019,4,22,0.4,0.2,0.4,0.4,29.1,30.9,28.0,8.6,28.8
Pasir Panjang,2019,4,23,64.8,22.2,25.2,46.6,27.9,32.1,24.9,11.9,45.7
Pasir Panjang,2019,4,24,5.4,4.8,5.2,5.2,28.4,30.2,27.0,10.1,27.0
Pasir Panjang,2019,4,25,0.0,0.0,0.0,0.0,29.1,31.0,28.2,9.7,40.3
Pasir Panjang,2019,4,26,22.0,7.8,8.8,12.6,26.6,28.7,24.9,15.5,64.1
Pasir Panjang,2019,4,27,10.2,5.8,6.4,6.4,28.0,29.7,24.9,11.2,49.3
Pasir Panjang,2019,4,28,0.2,0.2,0.2,0.2,29.3,32.0,26.4,9.7,50.8
Pasir Panjang,2019,4,29,0.0,0.0,0.0,0.0,29.7,33.1,27.3,10.1,31.3
Pasir Panjang,2019,4,30,0.0,0.0,0.0,0.0,29.0,31.7,27.0,11.2,27.4
Pasir Panjang,2019,5,1,0.0,0.0,0.0,0.0,29.8,31.5,28.2,13.7,30.2
Pasir Panjang,2019,5,2,0.0,0.0,0.0,0.0,30.3,33.2,28.6,9.0,31.7
Pasir Panjang,2019,5,3,6.2,6.0,6.2,6.2,30.1,32.5,26.4,9.4,51.1
Pasir Panjang,2019,5,4,8.8,8.4,8.6,8.8,29.3,30.7,26.6,8.3,35.3
Pasir Panjang,2019,5,5,0.0,0.0,0.0,0.0,28.8,30.3,26.9,18.7,68.8
Pasir Panjang,2019,5,6,0.0,0.0,0.0,0.0,30.1,31.7,29.1,25.2,54.7
Pasir Panjang,2019,5,7,0.0,0.0,0.0,0.0,30.4,32.3,28.9,12.2,37.1
Pasir Panjang,2019,5,8,54.0,18.2,24.4,27.0,27.4,30.6,22.4,11.9,89.3
Pasir Panjang,2019,5,9,0.0,0.0,0.0,0.0,30.0,32.3,27.7,15.5,41.8
Pasir Panjang,2019,5,10,21.0,12.4,16.6,17.0,29.4,31.8,22.8,14.0,90.0
Pasir Panjang,2019,5,11,0.4,0.4,0.4,0.4,29.5,31.0,27.0,10.1,53.6
Pasir Panjang,2019,5,12,8.2,7.8,8.2,8.2,29.9,32.5,25.7,8.6,53.6
Pasir Panjang,2019,5,13,4.0,2.0,3.0,3.2,29.3,31.2,26.2,9.7,35.6
Pasir Panjang,2019,5,14,0.0,0.0,0.0,0.0,29.5,32.7,27.7,9.4,32.8
Pasir Panjang,2019,5,15,6.4,6.4,6.4,6.4,29.6,31.8,27.7,9.0,32.0
Pasir Panjang,2019,5,16,41.0,19.6,19.8,19.8,28.4,30.4,24.7,12.2,59.4
Pasir Panjang,2019,5,17,23.6,18.8,21.6,22.0,27.8,29.5,24.3,13.7,49.0
Pasir Panjang,2019,5,18,0.0,0.0,0.0,0.0,29.3,30.7,27.8,10.8,33.8
Pasir Panjang,2019,5,19,40.8,21.8,33.0,40.6,28.0,29.7,22.8,8.6,63.0
Pasir Panjang,2019,5,20,13.6,11.2,12.8,13.6,28.6,30.7,25.6,9.0,24.8
Pasir Panjang,2019,5,21,0.0,0.0,0.0,0.0,28.8,31.2,27.3,9.7,34.9
Pasir Panjang,2019,5,22,1.8,1.0,1.2,1.6,28.4,31.2,25.9,7.6,36.7
Pasir Panjang,2019,5,23,0.0,0.0,0.0,0.0,29.5,31.3,26.5,8.6,28.1
Pasir Panjang,2019,5,24,0.0,0.0,0.0,0.0,30.3,33.1,29.0,7.9,34.2
Pasir Panjang,2019,5,25,7.8,7.8,7.8,7.8,29.5,31.7,25.4,8.3,40.0
Pasir Panjang,2019,5,26,0.0,0.0,0.0,0.0,29.9,32.2,28.5,8.6,34.6
Pasir Panjang,2019,5,27,0.0,0.0,0.0,0.0,29.9,32.0,28.9,9.0,33.5
Pasir Panjang,2019,5,28,0.0,0.0,0.0,0.0,30.0,31.9,27.4,9.0,42.1
Pasir Panjang,2019,5,29,0.0,0.0,0.0,0.0,29.9,32.2,28.4,7.9,25.2
Pasir Panjang,2019,5,30,5.4,2.4,4.2,4.8,28.6,31.2,26.3,9.4,54.0
Pasir Panjang,2019,5,31,0.0,0.0,0.0,0.0,29.0,31.2,27.0,8.3,36.7
Pasir Panjang,2019,6,1,2.6,2.6,2.6,2.6,28.6,31.6,27.0,11.2,43.2
Pasir Panjang,2019,6,2,76.4,31.8,39.4,39.8,28.5,31.4,23.5,10.8,51.8
Pasir Panjang,2019,6,3,67.6,33.8,57.4,64.4,27.5,29.3,24.7,12.2,50.8
Pasir Panjang,2019,6,4,0.0,0.0,0.0,0.0,28.3,30.2,26.3,9.7,22.7
Pasir Panjang,2019,6,5,0.0,0.0,0.0,0.0,29.3,31.5,28.0,8.3,39.2
Pasir Panjang,2019,6,6,15.0,11.4,12.4,13.0,27.8,29.5,25.3,9.7,43.6
Pasir Panjang,2019,6,7,24.2,8.0,10.6,14.0,26.7,28.0,24.2,10.4,34.6
Pasir Panjang,2019,6,8,7.0,6.8,6.8,7.0,27.6,29.2,24.9,9.4,31.7
Pasir Panjang,2019,6,9,5.6,5.6,5.6,5.6,28.6,30.9,25.8,8.6,31.3
Pasir Panjang,2019,6,10,0.0,0.0,0.0,0.0,30.0,32.6,28.4,7.2,23.8
Pasir Panjang,2019,6,11,5.6,1.4,1.6,1.6,29.7,32.1,25.9,9.0,33.8
Pasir Panjang,2019,6,12,10.2,1.6,2.8,5.0,27.3,28.8,25.1,13.3,49.7
Pasir Panjang,2019,6,13,1.2,0.6,0.8,1.0,28.9,30.2,28.0,9.4,33.1
Pasir Panjang,2019,6,14,0.2,0.2,0.2,0.2,29.4,31.9,28.1,10.8,33.8
Pasir Panjang,2019,6,15,1.2,0.8,1.2,1.2,28.5,30.3,26.2,14.4,49.3
Pasir Panjang,2019,6,16,0.0,0.0,0.0,0.0,29.6,32.2,28.5,8.6,31.7
Pasir Panjang,2019,6,17,1.6,1.2,1.2,1.4,29.2,30.3,26.4,7.9,33.5
Pasir Panjang,2019,6,18,5.8,2.2,2.2,2.2,27.7,29.4,25.6,9.4,40.0
Pasir Panjang,2019,6,19,2.6,1.0,1.6,1.6,28.2,28.8,26.1,8.3,36.7
Pasir Panjang,2019,6,20,0.0,0.0,0.0,0.0,29.2,30.6,28.2,9.4,32.8
Pasir Panjang,2019,6,21,0.6,0.6,0.6,0.6,28.4,31.0,27.3,10.4,36.7
Pasir Panjang,2019,6,22,4.6,2.8,3.2,4.0,27.5,29.3,24.0,14.8,57.6
Pasir Panjang,2019,6,23,0.0,0.0,0.0,0.0,28.9,31.2,26.9,9.7,31.7
Pasir Panjang,2019,6,24,0.0,0.0,0.0,0.0,29.4,32.2,28.2,9.0,53.6
Pasir Panjang,2019,6,25,0.0,0.0,0.0,0.0,29.9,32.5,28.5,9.0,24.5
Pasir Panjang,2019,6,26,6.4,5.6,6.4,6.4,28.4,30.3,25.0,12.6,74.9
Pasir Panjang,2019,6,27,0.0,0.0,0.0,0.0,29.4,31.5,27.8,8.3,23.0
Pasir Panjang,2019,6,28,0.0,0.0,0.0,0.0,29.8,31.9,28.5,9.0,31.7
Pasir Panjang,2019,6,29,0.4,0.4,0.4,0.4,29.3,31.8,27.8,10.1,35.3
Pasir Panjang,2019,6,30,0.4,0.4,0.4,0.4,29.0,30.8,26.8,9.7,36.4
Pasir Panjang,2019,7,1,0.0,0.0,0.0,0.0,29.6,31.6,28.5,8.6,29.9
Pasir Panjang,2019,7,2,0.0,0.0,0.0,0.0,29.7,31.9,28.6,8.6,28.4
Pasir Panjang,2019,7,3,21.6,19.4,21.6,21.6,28.9,30.7,21.1,10.1,83.9
Pasir Panjang,2019,7,4,2.0,2.0,2.0,2.0,29.4,31.5,26.4,9.0,42.1
Pasir Panjang,2019,7,5,0.0,0.0,0.0,0.0,29.6,32.4,28.3,9.4,31.0
Pasir Panjang,2019,7,6,0.0,0.0,0.0,0.0,29.6,32.0,28.4,9.0,34.9
Pasir Panjang,2019,7,7,1.2,1.0,1.2,1.2,29.1,31.5,28.0,9.7,38.2
Pasir Panjang,2019,7,8,3.4,2.4,2.4,2.4,28.6,30.7,25.5,8.3,42.8
Pasir Panjang,2019,7,9,9.6,3.6,4.8,5.8,27.8,29.3,24.5,10.1,49.7
Pasir Panjang,2019,7,10,0.0,0.0,0.0,0.0,29.4,32.0,27.9,11.2,32.4
Pasir Panjang,2019,7,11,0.0,0.0,0.0,0.0,29.7,32.3,27.9,9.7,30.2
Pasir Panjang,2019,7,12,0.0,0.0,0.0,0.0,29.7,32.2,27.9,8.3,26.6
Pasir Panjang,2019,7,13,0.0,0.0,0.0,0.0,29.7,31.8,28.3,9.4,26.6
Pasir Panjang,2019,7,14,0.0,0.0,0.0,0.0,29.7,32.1,28.4,9.0,22.7
Pasir Panjang,2019,7,15,0.6,0.6,0.6,0.6,27.7,29.1,25.4,13.3,65.5
Pasir Panjang,2019,7,16,0.0,0.0,0.0,0.0,29.3,32.1,27.7,8.6,38.5
Pasir Panjang,2019,7,17,0.0,0.0,0.0,0.0,29.3,31.0,28.3,9.4,30.6
Pasir Panjang,2019,7,18,0.0,0.0,0.0,0.0,29.3,31.0,28.2,10.1,28.4
Pasir Panjang,2019,7,19,0.0,0.0,0.0,0.0,29.2,31.4,28.1,8.6,26.6
Pasir Panjang,2019,7,20,0.0,0.0,0.0,0.0,29.4,31.4,28.1,9.0,28.4
Pasir Panjang,2019,7,21,0.0,0.0,0.0,0.0,28.9,30.7,27.9,8.3,34.9
Pasir Panjang,2019,7,22,0.0,0.0,0.0,0.0,28.6,31.0,27.8,8.6,34.2
Pasir Panjang,2019,7,23,28.0,11.8,20.2,26.4,27.6,28.8,23.6,10.1,53.6
Pasir Panjang,2019,7,24,11.8,8.2,8.2,11.6,28.6,30.5,25.3,8.6,32.8
Pasir Panjang,2019,7,25,0.0,0.0,0.0,0.0,29.1,31.4,28.0,9.0,36.4
Pasir Panjang,2019,7,26,0.0,0.0,0.0,0.0,29.4,32.0,27.8,9.0,35.6
Pasir Panjang,2019,7,27,0.0,0.0,0.0,0.0,29.4,32.2,28.0,10.4,31.3
Pasir Panjang,2019,7,28,0.0,0.0,0.0,0.0,29.4,31.3,27.9,10.1,27.0
Pasir Panjang,2019,7,29,0.0,0.0,0.0,0.0,29.7,32.9,28.2,10.4,32.0
Pasir Panjang,2019,7,30,2.0,1.8,1.8,1.8,29.3,32.0,27.4,9.7,36.0
Pasir Panjang,2019,7,31,0.0,0.0,0.0,0.0,29.5,31.0,28.6,9.7,31.7
Pasir Panjang,2019,8,1,0.0,0.0,0.0,0.0,29.4,31.5,28.1,9.4,41.8
Pasir Panjang,2019,8,2,0.0,0.0,0.0,0.0,29.5,31.9,28.0,10.1,28.4
Pasir Panjang,2019,8,3,0.0,0.0,0.0,0.0,29.5,32.3,28.0,10.4,34.9
Pasir Panjang,2019,8,4,0.0,0.0,0.0,0.0,29.2,30.8,28.1,10.1,31.7
Pasir Panjang,2019,8,5,0.0,0.0,0.0,0.0,29.2,31.3,28.1,9.7,33.8
Pasir Panjang,2019,8,6,0.0,0.0,0.0,0.0,29.1,31.9,28.0,8.6,26.6
Pasir Panjang,2019,8,7,0.0,0.0,0.0,0.0,29.1,31.3,27.7,9.0,31.0
Pasir Panjang,2019,8,8,0.0,0.0,0.0,0.0,29.1,31.9,28.0,9.7,37.4
Pasir Panjang,2019,8,9,0.0,0.0,0.0,0.0,29.1,31.0,27.8,9.0,33.1
Pasir Panjang,2019,8,10,0.0,0.0,0.0,0.0,29.3,31.7,28.1,9.0,25.9
Pasir Panjang,2019,8,11,0.0,0.0,0.0,0.0,29.6,32.6,28.0,9.0,31.0
Pasir Panjang,2019,8,12,0.0,0.0,0.0,0.0,29.6,32.0,28.0,9.7,31.3
Pasir Panjang,2019,8,13,0.0,0.0,0.0,0.0,29.5,31.9,28.1,10.1,35.6
Pasir Panjang,2019,8,14,0.0,0.0,0.0,0.0,29.5,32.1,28.0,9.7,34.2
Pasir Panjang,2019,8,15,0.0,0.0,0.0,0.0,29.1,31.8,28.1,11.5,49.7
Pasir Panjang,2019,8,16,0.0,0.0,0.0,0.0,29.5,31.8,28.1,10.1,38.5
Pasir Panjang,2019,8,17,4.4,4.0,4.2,4.4,29.1,31.2,25.1,10.1,36.4
Pasir Panjang,2019,8,18,0.0,0.0,0.0,0.0,29.6,32.2,28.2,11.2,29.5
Pasir Panjang,2019,8,19,0.0,0.0,0.0,0.0,29.4,31.9,27.7,9.4,31.3
Pasir Panjang,2019,8,20,0.0,0.0,0.0,0.0,29.4,32.2,27.9,11.2,30.6
Pasir Panjang,2019,8,21,0.0,0.0,0.0,0.0,29.5,31.7,28.1,10.1,25.9
Pasir Panjang,2019,8,22,0.0,0.0,0.0,0.0,29.5,32.1,28.1,10.4,45.4
Pasir Panjang,2019,8,23,0.0,0.0,0.0,0.0,29.6,32.2,28.2,10.8,28.4
Pasir Panjang,2019,8,24,0.0,0.0,0.0,0.0,29.5,32.2,27.7,9.7,31.3
Pasir Panjang,2019,8,25,0.0,0.0,0.0,0.0,28.9,30.7,27.4,11.9,46.1
Pasir Panjang,2019,8,26,9.2,9.0,9.2,9.2,28.6,31.6,24.7,10.8,32.0
Pasir Panjang,2019,8,27,0.0,0.0,0.0,0.0,27.5,28.8,25.3,13.0,71.3
Pasir Panjang,2019,8,28,0.2,0.2,0.2,0.2,27.4,28.1,26.0,11.2,61.6
Pasir Panjang,2019,8,29,0.0,0.0,0.0,0.0,29.0,31.0,27.5,9.0,28.8
Pasir Panjang,2019,8,30,10.2,10.0,10.2,10.2,28.6,30.1,24.7,10.4,54.4
Pasir Panjang,2019,8,31,0.0,0.0,0.0,0.0,28.9,31.3,27.7,10.8,38.5
Pasir Panjang,2019,9,1,0.0,0.0,0.0,0.0,29.4,31.7,27.9,9.0,35.3
Pasir Panjang,2019,9,2,0.0,0.0,0.0,0.0,29.7,32.5,28.1,9.7,28.1
Pasir Panjang,2019,9,3,0.0,0.0,0.0,0.0,29.6,31.7,28.2,10.1,27.7
Pasir Panjang,2019,9,4,12.2,8.2,11.6,12.2,28.6,31.5,23.5,10.8,46.4
Pasir Panjang,2019,9,5,2.4,2.2,2.4,2.4,29.2,32.3,27.0,9.7,25.9
Pasir Panjang,2019,9,6,0.0,0.0,0.0,0.0,29.2,31.5,27.8,9.7,25.9
Pasir Panjang,2019,9,7,0.0,0.0,0.0,0.0,29.4,31.7,27.8,10.8,29.5
Pasir Panjang,2019,9,8,0.0,0.0,0.0,0.0,29.3,32.0,27.8,10.1,32.0
Pasir Panjang,2019,9,9,0.0,0.0,0.0,0.0,29.4,31.8,27.8,9.7,27.0
Pasir Panjang,2019,9,10,0.0,0.0,0.0,0.0,29.3,32.5,27.8,10.4,29.2
Pasir Panjang,2019,9,11,0.0,0.0,0.0,0.0,29.3,32.4,27.6,10.4,35.6
Pasir Panjang,2019,9,12,0.0,0.0,0.0,0.0,29.2,31.9,27.6,9.4,28.4
Pasir Panjang,2019,9,13,0.0,0.0,0.0,0.0,29.2,32.2,27.7,9.0,32.0
Pasir Panjang,2019,9,14,0.0,0.0,0.0,0.0,28.7,29.9,27.8,7.9,27.4
Pasir Panjang,2019,9,15,0.0,0.0,0.0,0.0,28.9,31.5,27.6,9.7,29.9
Pasir Panjang,2019,9,16,0.0,0.0,0.0,0.0,28.9,31.5,27.4,9.0,28.4
Pasir Panjang,2019,9,17,0.0,0.0,0.0,0.0,29.2,32.0,27.6,9.0,25.9
Pasir Panjang,2019,9,18,0.0,0.0,0.0,0.0,29.3,31.7,27.9,10.8,27.0
Pasir Panjang,2019,9,19,0.0,0.0,0.0,0.0,29.3,31.8,27.8,10.4,27.7
Pasir Panjang,2019,9,20,0.0,0.0,0.0,0.0,29.0,31.7,27.6,9.7,29.2
Pasir Panjang,2019,9,21,0.0,0.0,0.0,0.0,29.3,32.3,27.1,10.1,28.8
Pasir Panjang,2019,9,22,0.0,0.0,0.0,0.0,29.3,32.7,27.1,11.9,32.4
Pasir Panjang,2019,9,23,0.4,0.4,0.4,0.4,28.9,31.8,27.8,10.8,29.9
Pasir Panjang,2019,9,24,0.4,0.4,0.4,0.4,29.5,33.7,27.1,11.9,35.3
Pasir Panjang,2019,9,25,68.4,32.6,39.6,54.2,26.9,29.7,24.0,12.2,45.0
Pasir Panjang,2019,9,26,0.0,0.0,0.0,0.0,28.2,31.0,25.6,13.3,34.9
Pasir Panjang,2019,9,27,0.2,0.2,0.2,0.2,28.7,31.3,27.4,11.5,33.1
Pasir Panjang,2019,9,28,0.0,0.0,0.0,0.0,28.7,31.3,26.8,10.8,38.2
Pasir Panjang,2019,9,29,26.4,15.6,15.6,24.0,28.1,31.5,23.7,13.0,51.1
Pasir Panjang,2019,9,30,42.0,24.2,35.0,35.0,26.9,29.1,23.2,12.6,42.5
Pasir Panjang,2019,10,1,0.0,0.0,0.0,0.0,27.9,29.8,26.1,10.4,27.7
Pasir Panjang,2019,10,2,1.4,0.4,0.6,1.0,27.4,30.5,25.0,12.2,37.4
Pasir Panjang,2019,10,3,0.0,0.0,0.0,0.0,27.7,30.4,25.0,10.4,24.5
Pasir Panjang,2019,10,4,0.0,0.0,0.0,0.0,28.2,30.2,26.9,9.0,32.4
Pasir Panjang,2019,10,5,0.4,0.4,0.4,0.4,28.2,31.5,23.9,9.7,44.6
Pasir Panjang,2019,10,6,0.0,0.0,0.0,0.0,28.8,31.8,26.4,10.8,29.2
Pasir Panjang,2019,10,7,20.2,14.4,19.2,19.4,27.8,31.7,23.7,9.4,38.5
Pasir Panjang,2019,10,8,0.0,0.0,0.0,0.0,27.8,29.9,25.8,13.0,33.1
Pasir Panjang,2019,10,9,0.0,0.0,0.0,0.0,28.5,31.6,26.8,10.8,29.5
Pasir Panjang,2019,10,10,0.0,0.0,0.0,0.0,28.6,31.4,26.3,12.2,32.0
Pasir Panjang,2019,10,11,0.0,0.0,0.0,0.0,29.1,32.3,26.4,11.2,27.7
Pasir Panjang,2019,10,12,0.0,0.0,0.0,0.0,29.1,32.1,27.7,10.8,32.8
Pasir Panjang,2019,10,13,0.0,0.0,0.0,0.0,29.0,32.2,27.1,10.8,33.5
Pasir Panjang,2019,10,14,0.0,0.0,0.0,0.0,29.4,32.9,27.2,10.8,30.2
Pasir Panjang,2019,10,15,0.0,0.0,0.0,0.0,29.1,32.2,27.5,11.2,36.7
Pasir Panjang,2019,10,16,0.0,0.0,0.0,0.0,29.1,31.1,27.4,11.9,32.4
Pasir Panjang,2019,10,17,0.0,0.0,0.0,0.0,28.5,31.2,27.0,11.5,42.8
Pasir Panjang,2019,10,18,2.2,2.2,2.2,2.2,28.0,30.2,26.5,12.6,37.1
Pasir Panjang,2019,10,19,0.0,0.0,0.0,0.0,28.9,31.3,26.8,11.2,31.0
Pasir Panjang,2019,10,20,0.0,0.0,0.0,0.0,28.9,32.0,27.3,10.4,30.6
Pasir Panjang,2019,10,21,3.4,1.0,1.2,1.6,28.6,31.2,26.3,9.7,29.9
Pasir Panjang,2019,10,22,35.0,13.8,18.8,24.0,26.2,28.8,24.0,15.8,48.6
Pasir Panjang,2019,10,23,0.4,0.2,0.2,0.2,27.7,31.3,24.8,12.6,35.6
Pasir Panjang,2019,10,24,0.2,0.2,0.2,0.2,28.7,31.8,27.0,11.2,27.4
Pasir Panjang,2019,10,25,34.8,25.8,32.0,34.8,28.6,33.8,23.4,13.7,52.2
Pasir Panjang,2019,10,26,20.0,14.4,17.0,19.8,27.2,31.0,23.3,14.4,39.6
Pasir Panjang,2019,10,27,14.8,6.2,11.6,13.2,27.4,31.5,25.1,16.6,40.7
Pasir Panjang,2019,10,28,0.0,0.0,0.0,0.0,27.2,29.9,25.2,16.2,47.2
Pasir Panjang,2019,10,29,0.0,0.0,0.0,0.0,28.8,31.4,26.5,13.7,39.2
Pasir Panjang,2019,10,30,0.0,0.0,0.0,0.0,28.4,30.8,26.8,14.8,45.4
Pasir Panjang,2019,10,31,0.0,0.0,0.0,0.0,28.6,30.9,26.7,15.8,56.5
Pasir Panjang,2019,11,1,0.0,0.0,0.0,0.0,28.3,30.7,25.7,17.3,74.9
Pasir Panjang,2019,11,2,0.0,0.0,0.0,0.0,29.5,32.1,27.7,11.5,43.2
Pasir Panjang,2019,11,3,13.6,13.0,13.6,13.6,27.8,30.8,24.0,14.4,67.3
Pasir Panjang,2019,11,4,0.4,0.4,0.4,0.4,29.1,30.8,26.9,14.0,39.2
Pasir Panjang,2019,11,5,19.0,18.6,19.0,19.0,28.5,31.0,24.8,11.9,36.0
Pasir Panjang,2019,11,6,0.0,0.0,0.0,0.0,29.5,31.6,27.6,10.8,32.4
Pasir Panjang,2019,11,7,0.0,0.0,0.0,0.0,29.9,32.2,27.7,13.0,33.5
Pasir Panjang,2019,11,8,21.8,15.4,19.0,21.2,28.1,31.0,23.2,18.7,83.9
Pasir Panjang,2019,11,9,0.0,0.0,0.0,0.0,29.1,32.1,27.2,15.5,44.6
Pasir Panjang,2019,11,10,0.0,0.0,0.0,0.0,28.9,31.5,25.3,19.4,76.7
Pasir Panjang,2019,11,11,0.0,0.0,0.0,0.0,28.9,30.2,26.8,16.6,45.4
Pasir Panjang,2019,11,12,0.0,0.0,0.0,0.0,28.5,31.3,27.3,16.6,48.6
Pasir Panjang,2019,11,13,0.0,0.0,0.0,0.0,29.2,31.9,27.4,14.4,37.4
Pasir Panjang,2019,11,14,0.0,0.0,0.0,0.0,28.4,30.7,27.0,14.4,34.9
Pasir Panjang,2019,11,15,1.4,1.4,1.4,1.4,27.7,29.8,26.6,19.1,47.9
Pasir Panjang,2019,11,16,0.0,0.0,0.0,0.0,28.5,32.0,26.6,15.8,40.0
Pasir Panjang,2019,11,17,0.0,0.0,0.0,0.0,29.4,32.9,27.2,14.0,34.6
Pasir Panjang,2019,11,18,17.6,10.8,10.8,17.2,28.6,32.6,25.1,14.4,51.1
Pasir Panjang,2019,11,19,4.2,2.4,2.6,2.6,27.6,31.0,25.6,15.5,64.1
Pasir Panjang,2019,11,20,16.6,13.6,15.6,15.8,26.7,29.8,24.3,18.0,37.4
Pasir Panjang,2019,11,21,0.0,0.0,0.0,0.0,27.0,29.9,25.8,18.4,43.9
Pasir Panjang,2019,11,22,0.0,0.0,0.0,0.0,27.1,31.1,25.9,16.9,36.0
Pasir Panjang,2019,11,23,0.2,0.2,0.2,0.2,27.0,30.6,24.9,19.1,52.6
Pasir Panjang,2019,11,24,1.0,0.4,0.4,0.8,26.9,30.8,25.7,16.6,36.0
Pasir Panjang,2019,11,25,41.2,30.8,41.0,41.2,27.4,30.8,23.7,16.2,51.5
Pasir Panjang,2019,11,26,0.0,0.0,0.0,0.0,28.6,33.1,25.9,18.4,41.4
Pasir Panjang,2019,11,27,0.0,0.0,0.0,0.0,28.3,31.3,26.4,15.1,39.6
Pasir Panjang,2019,11,28,1.2,1.2,1.2,1.2,28.4,32.1,26.4,15.1,35.6
Pasir Panjang,2019,11,29,45.0,11.2,15.4,26.4,26.9,31.4,24.5,17.3,42.5
Pasir Panjang,2019,11,30,0.6,0.6,0.6,0.6,27.6,32.3,25.6,16.9,37.8
Pasir Panjang,2019,12,1,2.4,2.4,2.4,2.4,28.0,32.5,26.1,16.2,48.6
Pasir Panjang,2019,12,2,22.2,5.8,8.0,14.4,26.5,31.1,23.8,19.1,55.4
Pasir Panjang,2019,12,3,0.0,0.0,0.0,0.0,27.6,30.5,25.5,22.7,52.6
Pasir Panjang,2019,12,4,0.0,0.0,0.0,0.0,28.2,31.1,26.3,23.8,50.4
Pasir Panjang,2019,12,5,0.2,0.2,0.2,0.2,27.8,30.2,26.4,22.0,46.1
Pasir Panjang,2019,12,6,0.0,0.0,0.0,0.0,28.4,32.1,26.3,24.5,50.0
Pasir Panjang,2019,12,7,0.0,0.0,0.0,0.0,28.0,29.8,26.7,23.4,57.2
Pasir Panjang,2019,12,8,0.0,0.0,0.0,0.0,27.0,29.3,25.8,17.6,49.3
Pasir Panjang,2019,12,9,8.6,2.8,4.4,6.2,25.4,27.0,24.1,25.6,55.8
Pasir Panjang,2019,12,10,5.2,1.8,2.8,3.8,26.0,27.3,24.5,19.8,41.0
Pasir Panjang,2019,12,11,16.0,2.4,3.4,6.2,24.5,26.0,23.6,22.3,49.0
Pasir Panjang,2019,12,12,0.0,0.0,0.0,0.0,27.2,31.3,24.0,24.5,50.0
Pasir Panjang,2019,12,13,23.2,12.0,12.6,13.6,25.7,27.6,23.8,21.6,49.3
Pasir Panjang,2019,12,14,23.8,2.8,4.6,8.2,24.5,26.1,23.6,18.7,39.2
Pasir Panjang,2019,12,15,21.6,4.2,6.2,8.0,24.5,25.8,23.7,19.8,35.3
Pasir Panjang,2019,12,16,0.0,0.0,0.0,0.0,25.8,29.7,23.3,21.6,43.2
Pasir Panjang,2019,12,17,4.8,1.6,3.0,4.0,25.9,28.6,25.1,18.7,37.4
Pasir Panjang,2019,12,18,0.4,0.4,0.4,0.4,26.1,29.4,24.6,20.9,49.7
Pasir Panjang,2019,12,19,0.4,0.4,0.4,0.4,26.9,30.5,24.8,19.1,43.6
Pasir Panjang,2019,12,20,0.0,0.0,0.0,0.0,27.4,30.6,25.4,20.2,42.1
Pasir Panjang,2019,12,21,43.2,28.8,41.4,42.6,26.7,29.9,24.5,21.2,44.3
Pasir Panjang,2019,12,22,0.0,0.0,0.0,0.0,27.3,30.3,25.4,22.0,43.9
Pasir Panjang,2019,12,23,0.0,0.0,0.0,0.0,27.4,31.5,25.6,20.5,45.0
Pasir Panjang,2019,12,24,0.0,0.0,0.0,0.0,27.6,31.1,25.6,23.4,52.2
Pasir Panjang,2019,12,25,6.0,5.6,6.0,6.0,27.4,31.2,25.1,20.5,45.7
Pasir Panjang,2019,12,26,0.0,0.0,0.0,0.0,27.6,30.2,25.6,21.6,43.2
Pasir Panjang,2019,12,27,0.0,0.0,0.0,0.0,28.0,32.1,25.7,23.0,47.9
Pasir Panjang,2019,12,28,0.0,0.0,0.0,0.0,27.7,31.4,25.5,22.3,47.9
Pasir Panjang,2019,12,29,0.0,0.0,0.0,0.0,28.1,32.3,25.9,22.0,44.3
Pasir Panjang,2019,12,30,0.0,0.0,0.0,0.0,28.4,32.4,25.8,22.3,45.4
Pasir Panjang,2019,12,31,0.0,0.0,0.0,0.0,28.4,32.3,26.1,22.7,45.7
